index,k__Fungi;p__Ascomycota;c__Dothideomycetes;o__Capnodiales;f__Cladosporiaceae;g__Cladosporium;s__Cladosporium_sp,k__Fungi;p__Ascomycota;c__Sordariomycetes;o__Amphisphaeriales;f__Pestalotiopsidaceae;g__Neopestalotiopsis;s__Neopestalotiopsis_foedans,k__Fungi;p__Ascomycota;c__Dothideomycetes;o__Pleosporales;f__Pleosporaceae;g__Alternaria;__,k__Fungi;p__Basidiomycota;c__Tremellomycetes;o__Filobasidiales;f__Filobasidiaceae;g__Filobasidium;s__Filobasidium_sp,k__Fungi;p__Ascomycota;c__Dothideomycetes;o__Pleosporales;f__Didymellaceae;g__Pseudopeyronellaea;s__Pseudopeyronellaea_eucalypti,k__Fungi;p__Ascomycota;c__Sordariomycetes;o__Trichosphaeriales;f__Trichosphaeriaceae;g__Nigrospora;s__Nigrospora_oryzae,k__Fungi;p__Ascomycota;__;__;__;__;__,k__Fungi;p__Basidiomycota;c__Microbotryomycetes;o__Sporidiobolales;f__Sporidiobolaceae;g__Sporobolomyces;s__Sporobolomyces_ruberrimus,k__Fungi;p__Basidiomycota;c__Tremellomycetes;o__Tremellales;f__Bulleribasidiaceae;g__Vishniacozyma;s__Vishniacozyma_heimaeyensis,k__Fungi;p__Basidiomycota;c__Tremellomycetes;o__Tremellales;f__Cryptococcaceae;g__Cryptococcus;s__Cryptococcus_aureus,k__Fungi;p__Basidiomycota;c__Tremellomycetes;o__Tremellales;f__Bulleraceae;g__Bullera;s__Bullera_alba,k__Fungi;p__Ascomycota;c__Sordariomycetes;o__Hypocreales;f__Nectriaceae;g__Gibberella;s__Gibberella_avenacea,k__Fungi;p__Ascomycota;c__Sordariomycetes;o__Hypocreales;f__Hypocreales_fam_Incertae_sedis;g__Sarocladium;s__Sarocladium_strictum,k__Fungi;p__Basidiomycota;c__Cystobasidiomycetes;o__Cystobasidiomycetes_ord_Incertae_sedis;f__Symmetrosporaceae;g__Symmetrospora;__,k__Fungi;p__Basidiomycota;c__Tremellomycetes;o__Filobasidiales;f__Filobasidiaceae;g__Naganishia;s__Naganishia_globosa,k__Fungi;p__Ascomycota;c__Dothideomycetes;o__Capnodiales;f__Cladosporiaceae;g__Cladosporium;s__Cladosporium_herbarum,k__Fungi;p__Basidiomycota;c__Microbotryomycetes;o__Sporidiobolales;f__Sporidiobolaceae;g__Rhodotorula;s__Rhodotorula_graminis,k__Fungi;p__Ascomycota;c__Sordariomycetes;o__Hypocreales;f__Nectriaceae;__;__,k__Fungi;p__Basidiomycota;c__Tremellomycetes;o__Tremellales;f__Rhynchogastremataceae;g__Papiliotrema;s__Papiliotrema_terrestris,k__Fungi;p__Ascomycota;c__Sordariomycetes;o__Hypocreales;f__Hypocreales_fam_Incertae_sedis;g__Sarocladium;s__Sarocladium_implicatum,k__Fungi;p__Ascomycota;c__Sordariomycetes;o__Hypocreales;f__Hypocreales_fam_Incertae_sedis;g__Acremonium;s__Acremonium_fusidioides,k__Fungi;p__Basidiomycota;c__Tremellomycetes;o__Tremellales;f__Rhynchogastremataceae;g__Papiliotrema;s__Papiliotrema_fusca,k__Fungi;p__Ascomycota;c__Leotiomycetes;o__Helotiales;f__Sclerotiniaceae;g__Botrytis;s__Botrytis_caroliniana,k__Fungi;p__Ascomycota;c__Dothideomycetes;o__Pleosporales;f__Amorosiaceae;g__Angustimassarina;s__Angustimassarina_acerina,k__Fungi;p__Ascomycota;c__Saccharomycetes;o__Saccharomycetales;f__Dipodascaceae;__;__,k__Fungi;p__Ascomycota;c__Dothideomycetes;o__Mycosphaerellales;f__Mycosphaerellaceae;g__Cercospora;s__Cercospora_coniogrammes,k__Fungi;p__Ascomycota;c__Sordariomycetes;o__Hypocreales;f__Cordycipitaceae;g__Leptobacillium;s__Leptobacillium_leptobactrum,k__Fungi;p__Ascomycota;c__Saccharomycetes;o__Saccharomycetales;f__Trichomonascaceae;g__Zygoascus;s__Zygoascus_hellenicus,k__Fungi;p__Basidiomycota;c__Tremellomycetes;o__Tremellales;f__Cryptococcaceae;g__Cryptococcus;s__Cryptococcus_sp,k__Fungi;p__Basidiomycota;c__Cystobasidiomycetes;o__Cystobasidiales;f__Cystobasidiaceae;__;__,k__Fungi;p__Ascomycota;c__Sordariomycetes;o__Hypocreales;f__Hypocreales_fam_Incertae_sedis;g__Acremonium;s__Acremonium_sclerotigenum,k__Fungi;p__Ascomycota;c__Leotiomycetes;o__Helotiales;f__Chaetomellaceae;g__Chaetomella;__,k__Fungi;p__Basidiomycota;c__Tremellomycetes;o__Tremellales;f__Rhynchogastremataceae;g__Papiliotrema;s__Papiliotrema_pseudoalba,k__Fungi;p__Ascomycota;c__Dothideomycetes;o__Pleosporales;f__Lophiostomataceae;g__Neovaginatispora;s__Neovaginatispora_clematidis,k__Fungi;p__Basidiomycota;c__Agaricomycetes;o__Phallales;f__Phallaceae;g__Phallus;s__Phallus_rugulosus,k__Fungi;p__Basidiomycota;c__Tremellomycetes;o__Tremellales;f__Bulleribasidiaceae;g__Hannaella;s__Hannaella_sinensis,k__Fungi;p__Ascomycota;c__Dothideomycetes;o__Capnodiales;f__Dissoconiaceae;g__Uwebraunia;s__Uwebraunia_musae,k__Fungi;p__Ascomycota;c__Dothideomycetes;o__Pleosporales;f__Pleosporaceae;__;__,k__Fungi;p__Basidiomycota;c__Tremellomycetes;o__Tremellales;f__Bulleribasidiaceae;g__Dioszegia;__,k__Fungi;p__Ascomycota;c__Dothideomycetes;o__Pleosporales;f__Pleosporaceae;g__Exserohilum;s__Exserohilum_oryzicola,k__Fungi;p__Ascomycota;c__Sordariomycetes;o__Hypocreales;f__Hypocreales_fam_Incertae_sedis;g__Acremonium;s__Acremonium_pilosum,k__Fungi;p__Ascomycota;c__Sordariomycetes;o__Glomerellales;f__Plectosphaerellaceae;g__Verticillium;s__Verticillium_dahliae,k__Fungi;p__Ascomycota;c__Sordariomycetes;o__Xylariales;f__Xylariales_fam_Incertae_sedis;g__Hansfordia;s__Hansfordia_pruni,k__Fungi;p__Ascomycota;c__Dothideomycetes;o__Pleosporales;__;__;__,k__Fungi;p__Ascomycota;c__Saccharomycetes;o__Saccharomycetales;__;__;__,k__Fungi;p__Ascomycota;c__Saccharomycetes;o__Saccharomycetales;f__Saccharomycetales_fam_Incertae_sedis;g__Candida;s__Candida_californica,k__Fungi;p__Basidiomycota;c__Tremellomycetes;o__Filobasidiales;f__Filobasidiaceae;g__Filobasidium;s__Filobasidium_chernovii,k__Fungi;p__Basidiomycota;c__Agaricomycetes;o__Sebacinales;f__Sebacinaceae;g__Chaetospermum;s__Chaetospermum_sp,k__Fungi;p__Ascomycota;c__Dothideomycetes;o__Pleosporales;f__Periconiaceae;g__Periconia;s__Periconia_epilithographicola,k__Fungi;p__Ascomycota;c__Leotiomycetes;__;__;__;__,k__Fungi;p__Ascomycota;c__Dothideomycetes;__;__;__;__,k__Fungi;p__Ascomycota;c__Dothideomycetes;o__Pleosporales;f__Phaeosphaeriaceae;g__Phaeosphaeria;__,k__Fungi;p__Ascomycota;c__Dothideomycetes;o__Mycosphaerellales;f__Mycosphaerellaceae;__;__,k__Fungi;p__Basidiomycota;c__Agaricomycetes;o__Russulales;f__Lachnocladiaceae;g__Lachnocladiaceae_gen_Incertae_sedis;s__Lachnocladiaceae_sp,k__Fungi;p__Ascomycota;c__Saccharomycetes;o__Saccharomycetales;f__Pichiaceae;g__Pichia;s__Pichia_cephalocereana,k__Fungi;p__Ascomycota;c__Sordariomycetes;o__Phyllachorales;f__Phyllachoraceae;g__Phyllachora;s__Phyllachora_sylvatica,k__Fungi;p__Ascomycota;c__Saccharomycetes;o__Saccharomycetales;f__Pichiaceae;g__Pichia;s__Pichia_terricola,k__Fungi;p__Ascomycota;c__Dothideomycetes;o__Pleosporales;f__Phaeosphaeriaceae;g__Ophiosphaerella;s__Ophiosphaerella_aquatica,k__Fungi;p__Basidiomycota;c__Exobasidiomycetes;o__Exobasidiales;f__Cryptobasidiaceae;g__Acaromyces;s__Acaromyces_ingoldii,k__Fungi;p__Ascomycota;c__Dothideomycetes;o__Mycosphaerellales;f__Mycosphaerellaceae;g__Zasmidium;s__Zasmidium_nocoxi,k__Fungi;p__Basidiomycota;c__Wallemiomycetes;o__Wallemiales;f__Wallemiaceae;g__Wallemia;s__Wallemia_muriae,k__Fungi;__;__;__;__;__;__,k__Fungi;p__Ascomycota;c__Sordariomycetes;o__Hypocreales;__;__;__,k__Fungi;p__Ascomycota;c__Eurotiomycetes;o__Mycocaliciales;f__Mycocaliciaceae;g__Mycocalicium;s__Mycocalicium_subtile,k__Fungi;p__Ascomycota;c__Dothideomycetes;o__Pleosporales;f__Phaeosphaeriaceae;g__Phaeosphaeria;s__Phaeosphaeria_phoenicicola,k__Fungi;p__Basidiomycota;c__Tremellomycetes;o__Tremellales;f__Cryptococcaceae;g__Cryptococcus;s__Cryptococcus_watticus,k__Fungi;p__Basidiomycota;c__Microbotryomycetes;o__Microbotryomycetes_ord_Incertae_sedis;f__Microbotryomycetes_fam_Incertae_sedis;g__Curvibasidium;s__Curvibasidium_cygneicollum,k__Fungi;p__Ascomycota;c__Sordariomycetes;o__Glomerellales;f__Plectosphaerellaceae;g__Plectosphaerella;s__Plectosphaerella_cucumerina,k__Fungi;p__Basidiomycota;c__Tremellomycetes;o__Cystofilobasidiales;f__Mrakiaceae;g__Itersonilia;s__Itersonilia_pannonica,k__Fungi;p__Basidiomycota;c__Tremellomycetes;o__Cystofilobasidiales;f__Cystofilobasidiaceae;g__Cystofilobasidium;s__Cystofilobasidium_macerans,k__Fungi;p__Ascomycota;c__Sordariomycetes;__;__;__;__,k__Fungi;p__Basidiomycota;c__Tremellomycetes;o__Tremellales;f__Bulleribasidiaceae;g__Bulleribasidium;s__Bulleribasidium_variabile,k__Fungi;p__Ascomycota;c__Saccharomycetes;o__Saccharomycetales;f__Pichiaceae;g__Pichia;s__Pichia_sporocuriosa,k__Fungi;p__Ascomycota;c__Dothideomycetes;o__Capnodiales;f__Cladosporiaceae;g__Cladosporium;__,k__Fungi;p__Ascomycota;c__Dothideomycetes;o__Pleosporales;f__Pleosporaceae;g__Alternaria;s__Alternaria_prunicola,k__Fungi;p__Basidiomycota;c__Agaricomycetes;o__Auriculariales;f__Exidiaceae;g__Basidiodendron;s__Basidiodendron_eyrei,k__Fungi;p__Basidiomycota;c__Tremellomycetes;o__Tremellales;__;__;__,k__Fungi;p__Ascomycota;c__Dothideomycetes;o__Pleosporales;f__Nigrogranaceae;g__Nigrograna;s__Nigrograna_jinghongensis,k__Fungi;p__Ascomycota;c__Dothideomycetes;o__Pleosporales;f__Lophiotremataceae;g__Lophiotrema;s__Lophiotrema_lincangensis,k__Fungi;p__Basidiomycota;c__Cystobasidiomycetes;o__Cystobasidiomycetes_ord_Incertae_sedis;f__Symmetrosporaceae;g__Symmetrospora;s__Symmetrospora_coprosmae,k__Fungi;p__Ascomycota;c__Dothideomycetes;o__Pleosporales;f__Lentitheciaceae;__;__,k__Fungi;p__Ascomycota;c__Dothideomycetes;o__Capnodiales;f__Dissoconiaceae;g__Ramichloridium;s__Ramichloridium_luteum,k__Fungi;p__Ascomycota;c__Leotiomycetes;o__Helotiales;f__Sclerotiniaceae;g__Sclerotinia;s__Sclerotinia_sclerotiorum,k__Fungi;p__Ascomycota;c__Sordariomycetes;o__Hypocreales;f__Hypocreales_fam_Incertae_sedis;g__Acremonium;s__Acremonium_hyalinulum,k__Fungi;p__Ascomycota;c__Sordariomycetes;o__Hypocreales;f__Stachybotryaceae;g__Striaticonidium;__,k__Fungi;p__Ascomycota;c__Leotiomycetes;o__Helotiales;f__Sclerotiniaceae;__;__,k__Fungi;p__Ascomycota;c__Sordariomycetes;o__Hypocreales;f__Hypocreales_fam_Incertae_sedis;g__Sarocladium;__,k__Fungi;p__Basidiomycota;c__Tremellomycetes;o__Tremellales;f__Bulleribasidiaceae;g__Hannaella;s__Hannaella_oryzae,k__Fungi;p__Ascomycota;c__Dothideomycetes;o__Mycosphaerellales;f__Mycosphaerellaceae;g__Ramularia;s__Ramularia_cynarae,k__Fungi;p__Ascomycota;c__Sordariomycetes;o__Glomerellales;f__Glomerellaceae;g__Colletotrichum;s__Colletotrichum_gloeosporioides,k__Fungi;p__Ascomycota;c__Dothideomycetes;o__Dothideales;f__Saccotheciaceae;g__Aureobasidium;s__Aureobasidium_pullulans,k__Fungi;p__Ascomycota;c__Dothideomycetes;o__Pleosporales;f__Coniothyriaceae;g__Coniothyrium;s__Coniothyrium_palmicola,k__Fungi;p__Ascomycota;c__Dothideomycetes;o__Pleosporales;f__Pleosporaceae;g__Curvularia;__,absolute_filepath,direction,col_id,sample_seq_id,treatment,berry_status,treat_one,treat_two,variety,period,replicate,col_date,seq_date,index1_i7,index2_i5,project_name,plate,conc,norm,pool,country,state,county,locality,property,owner,lat,lon
cbt11,3418.0,472.0,101.0,34.0,22.0,19.0,0.0,43.0,11.0,0.0,5.0,0.0,0.0,8.0,0.0,0.0,0.0,7.0,0.0,0.0,0.0,0.0,0.0,0.0,5.0,0.0,0.0,4.0,0.0,0.0,0.0,0.0,0.0,0.0,0.0,0.0,0.0,0.0,0.0,0.0,0.0,0.0,0.0,0.0,0.0,0.0,0.0,0.0,0.0,0.0,0.0,0.0,0.0,0.0,0.0,0.0,0.0,0.0,0.0,0.0,0.0,0.0,0.0,0.0,0.0,0.0,0.0,0.0,0.0,0.0,0.0,0.0,0.0,0.0,0.0,0.0,0.0,0.0,0.0,0.0,0.0,0.0,0.0,0.0,0.0,0.0,0.0,0.0,0.0,0.0,0.0,0.0,0.0,/home/jblaise/scratch/gsr_raw_data/fastqs/2022/its/cbt11_S74_L001_R1_001.fastq.gz,forward,cbt11,its22,bt,healthy,NNet,NMax,carbfranc,1.0,1.0,9/10/2022,6/14/2023,N712,S503,GP22_GSR,1.0,483.8,483.8,4.3,USA,Maryland,Queen Anne,Hemsley Fortune Lane,winery,Wick Dudley,38.997394,-76.134463
cbT11,294.0,15.0,217.0,436.0,27.0,0.0,3.0,202.0,842.0,0.0,6.0,0.0,0.0,6.0,0.0,0.0,105.0,4.0,0.0,0.0,5.0,0.0,0.0,0.0,0.0,0.0,0.0,0.0,0.0,0.0,0.0,0.0,0.0,0.0,0.0,0.0,0.0,0.0,0.0,0.0,0.0,0.0,0.0,0.0,0.0,0.0,0.0,0.0,0.0,0.0,0.0,0.0,0.0,0.0,0.0,0.0,0.0,0.0,0.0,0.0,0.0,0.0,0.0,0.0,0.0,0.0,0.0,0.0,0.0,0.0,0.0,0.0,0.0,0.0,0.0,0.0,0.0,0.0,0.0,0.0,0.0,0.0,0.0,0.0,0.0,0.0,0.0,0.0,0.0,0.0,0.0,0.0,0.0,/home/jblaise/scratch/gsr_raw_data/fastqs/2022/its/cbT11_S26_L001_R1_001.fastq.gz,forward,cbT11,its16,bT,healthy,NNet,MMax,carbfranc,1.0,1.0,9/10/2022,6/14/2023,N704,S503,GP22_GSR,1.0,610.2,499.0,4.2,USA,Maryland,Queen Anne,Hemsley Fortune Lane,winery,Wick Dudley,38.997394,-76.134463
cBt11,54592.0,4669.0,22969.0,7719.0,12029.0,51.0,0.0,7803.0,6649.0,9.0,2000.0,1164.0,941.0,2772.0,28.0,0.0,3271.0,10.0,0.0,507.0,0.0,0.0,5.0,0.0,0.0,974.0,1120.0,0.0,0.0,1006.0,241.0,6.0,0.0,0.0,4.0,7.0,0.0,0.0,0.0,0.0,0.0,7.0,0.0,0.0,0.0,0.0,0.0,0.0,0.0,0.0,0.0,0.0,0.0,0.0,0.0,0.0,0.0,0.0,0.0,0.0,0.0,0.0,0.0,0.0,0.0,0.0,0.0,0.0,0.0,0.0,10.0,0.0,0.0,0.0,66.0,2.0,0.0,351.0,0.0,0.0,0.0,0.0,0.0,0.0,0.0,0.0,0.0,0.0,0.0,0.0,3.0,0.0,0.0,/home/jblaise/scratch/gsr_raw_data/fastqs/2022/its/cBt11_S50_L001_R1_001.fastq.gz,forward,cBt11,its19,Bt,healthy,Net,NMax,carbfranc,1.0,1.0,9/10/2022,6/14/2023,N707,S503,GP22_GSR,1.0,517.5,517.5,4.1,USA,Maryland,Queen Anne,Hemsley Fortune Lane,winery,Wick Dudley,38.997394,-76.134463
cBT11,64473.0,10512.0,20247.0,2537.0,72401.0,2708.0,1551.0,5849.0,577.0,75.0,668.0,0.0,1143.0,1448.0,519.0,0.0,276.0,375.0,2390.0,3563.0,17167.0,0.0,806.0,2.0,0.0,276.0,107.0,0.0,0.0,1448.0,40.0,0.0,0.0,0.0,0.0,0.0,0.0,0.0,0.0,0.0,0.0,0.0,0.0,0.0,0.0,0.0,0.0,0.0,0.0,217.0,792.0,0.0,0.0,0.0,0.0,0.0,0.0,0.0,1226.0,1459.0,0.0,8.0,0.0,0.0,0.0,0.0,0.0,0.0,0.0,0.0,34.0,0.0,0.0,0.0,0.0,0.0,0.0,0.0,0.0,0.0,0.0,0.0,0.0,0.0,0.0,0.0,0.0,0.0,0.0,0.0,0.0,0.0,0.0,/home/jblaise/scratch/gsr_raw_data/fastqs/2022/its/cBT11_S2_L001_R1_001.fastq.gz,forward,cBT11,its13,BT,healthy,Net,MMax,carbfranc,1.0,1.0,9/10/2022,6/14/2023,N701,S503,GP22_GSR,1.0,1024.1,498.0,4.2,USA,Maryland,Queen Anne,Hemsley Fortune Lane,winery,Wick Dudley,38.997394,-76.134463
cbt12,5985.0,5474.0,5393.0,31.0,1541.0,608.0,0.0,54.0,0.0,30.0,4179.0,24.0,10.0,7.0,0.0,6.0,8.0,10.0,0.0,0.0,0.0,13.0,0.0,0.0,0.0,6.0,0.0,0.0,0.0,0.0,0.0,0.0,0.0,0.0,0.0,0.0,5.0,0.0,0.0,0.0,0.0,0.0,0.0,0.0,0.0,0.0,0.0,0.0,0.0,0.0,0.0,0.0,0.0,0.0,0.0,3.0,0.0,0.0,0.0,0.0,28.0,0.0,0.0,0.0,0.0,0.0,0.0,0.0,0.0,0.0,0.0,0.0,0.0,0.0,0.0,0.0,0.0,0.0,0.0,0.0,0.0,0.0,9.0,0.0,0.0,0.0,0.0,0.0,0.0,0.0,0.0,0.0,0.0,/home/jblaise/scratch/gsr_raw_data/fastqs/2022/its/cbt12_S82_L001_R1_001.fastq.gz,forward,cbt12,its23,bt,healthy,NNet,NMax,carbfranc,1.0,2.0,9/10/2022,6/14/2023,N714,S503,GP22_GSR,1.0,438.7,438.7,4.8,USA,Maryland,Queen Anne,Hemsley Fortune Lane,winery,Wick Dudley,38.997394,-76.134463
cbT12,2280.0,412.0,114.0,38.0,67.0,46.0,2503.0,188.0,16.0,7.0,9.0,5.0,5.0,8.0,0.0,0.0,10.0,0.0,0.0,0.0,4.0,0.0,0.0,0.0,0.0,0.0,0.0,691.0,0.0,0.0,0.0,0.0,0.0,0.0,0.0,0.0,0.0,0.0,0.0,0.0,0.0,0.0,0.0,0.0,0.0,0.0,0.0,0.0,0.0,0.0,0.0,0.0,0.0,0.0,0.0,0.0,103.0,0.0,0.0,0.0,0.0,0.0,0.0,0.0,0.0,0.0,0.0,0.0,0.0,0.0,0.0,0.0,0.0,0.0,0.0,0.0,0.0,0.0,0.0,0.0,0.0,0.0,0.0,0.0,0.0,0.0,0.0,0.0,0.0,0.0,0.0,0.0,0.0,/home/jblaise/scratch/gsr_raw_data/fastqs/2022/its/cbT12_S34_L001_R1_001.fastq.gz,forward,cbT12,its17,bT,healthy,NNet,MMax,carbfranc,1.0,2.0,9/10/2022,6/14/2023,N705,S503,GP22_GSR,1.0,566.1,566.1,3.7,USA,Maryland,Queen Anne,Hemsley Fortune Lane,winery,Wick Dudley,38.997394,-76.134463
cBt12,225786.0,398600.0,2754.0,2399.0,6473.0,273.0,67.0,1714.0,430.0,23.0,146.0,38.0,2693.0,127.0,4417.0,96.0,438.0,298.0,0.0,386.0,2400.0,0.0,43.0,0.0,0.0,55.0,118.0,0.0,0.0,0.0,60.0,0.0,0.0,0.0,0.0,0.0,0.0,74.0,0.0,0.0,32.0,0.0,0.0,0.0,0.0,0.0,0.0,0.0,5.0,0.0,0.0,0.0,2617.0,0.0,19.0,0.0,0.0,0.0,0.0,0.0,0.0,0.0,0.0,0.0,0.0,0.0,0.0,0.0,0.0,0.0,97.0,0.0,0.0,0.0,0.0,0.0,0.0,0.0,0.0,0.0,0.0,0.0,0.0,0.0,14.0,0.0,0.0,0.0,0.0,0.0,0.0,0.0,0.0,/home/jblaise/scratch/gsr_raw_data/fastqs/2022/its/cBt12_S58_L001_R1_001.fastq.gz,forward,cBt12,its20,Bt,healthy,Net,NMax,carbfranc,1.0,2.0,9/10/2022,6/14/2023,N710,S503,GP22_GSR,1.0,526.2,526.2,4.0,USA,Maryland,Queen Anne,Hemsley Fortune Lane,winery,Wick Dudley,38.997394,-76.134463
cBT12,15453.0,1242.0,1989.0,494.0,34.0,6.0,0.0,886.0,3682.0,0.0,0.0,0.0,0.0,4.0,618.0,0.0,0.0,0.0,4.0,0.0,6.0,0.0,0.0,0.0,0.0,0.0,0.0,5.0,0.0,0.0,0.0,0.0,0.0,0.0,0.0,0.0,0.0,0.0,0.0,0.0,0.0,0.0,0.0,0.0,0.0,0.0,0.0,0.0,0.0,0.0,0.0,0.0,0.0,0.0,0.0,0.0,0.0,0.0,0.0,0.0,0.0,0.0,148.0,0.0,0.0,0.0,0.0,0.0,0.0,0.0,0.0,0.0,0.0,0.0,0.0,0.0,0.0,0.0,0.0,0.0,0.0,0.0,0.0,0.0,0.0,0.0,0.0,0.0,0.0,0.0,0.0,0.0,0.0,/home/jblaise/scratch/gsr_raw_data/fastqs/2022/its/cBT12_S10_L001_R1_001.fastq.gz,forward,cBT12,its14,BT,healthy,Net,MMax,carbfranc,1.0,2.0,9/10/2022,6/14/2023,N702,S503,GP22_GSR,1.0,816.2,463.0,4.5,USA,Maryland,Queen Anne,Hemsley Fortune Lane,winery,Wick Dudley,38.997394,-76.134463
cbt13,25895.0,324.0,11351.0,24.0,3225.0,0.0,7.0,1165.0,0.0,5.0,13.0,0.0,6.0,6.0,0.0,11.0,0.0,7.0,0.0,2937.0,0.0,3.0,5.0,0.0,0.0,1259.0,0.0,0.0,0.0,0.0,2690.0,0.0,0.0,0.0,0.0,0.0,0.0,0.0,0.0,0.0,0.0,0.0,0.0,0.0,0.0,0.0,0.0,0.0,0.0,0.0,0.0,0.0,0.0,0.0,0.0,0.0,0.0,0.0,0.0,0.0,0.0,0.0,0.0,0.0,0.0,0.0,0.0,0.0,0.0,0.0,0.0,0.0,0.0,0.0,0.0,0.0,0.0,0.0,0.0,0.0,0.0,0.0,0.0,0.0,0.0,0.0,0.0,0.0,0.0,0.0,0.0,0.0,0.0,/home/jblaise/scratch/gsr_raw_data/fastqs/2022/its/cbt13_S90_L001_R1_001.fastq.gz,forward,cbt13,its24,bt,healthy,NNet,NMax,carbfranc,1.0,3.0,9/10/2022,6/14/2023,N715,S503,GP22_GSR,1.0,678.4,452.0,4.6,USA,Maryland,Queen Anne,Hemsley Fortune Lane,winery,Wick Dudley,38.997394,-76.134463
cbT13,162835.0,29235.0,59106.0,2447.0,8346.0,4000.0,17.0,7895.0,7.0,16.0,525.0,8761.0,750.0,0.0,546.0,190.0,5.0,1399.0,0.0,0.0,0.0,0.0,915.0,7.0,0.0,0.0,657.0,0.0,0.0,259.0,0.0,0.0,0.0,0.0,0.0,0.0,699.0,2.0,550.0,0.0,0.0,0.0,0.0,557.0,0.0,0.0,0.0,0.0,2135.0,0.0,0.0,0.0,0.0,0.0,0.0,0.0,0.0,287.0,0.0,0.0,0.0,13.0,0.0,0.0,112.0,0.0,0.0,0.0,59.0,0.0,139.0,0.0,0.0,0.0,69.0,0.0,0.0,0.0,0.0,0.0,0.0,0.0,0.0,0.0,0.0,0.0,0.0,0.0,0.0,0.0,0.0,0.0,0.0,/home/jblaise/scratch/gsr_raw_data/fastqs/2022/its/cbT13_S42_L001_R1_001.fastq.gz,forward,cbT13,its18,bT,healthy,NNet,MMax,carbfranc,1.0,3.0,9/10/2022,6/14/2023,N706,S503,GP22_GSR,1.0,568.9,568.9,3.7,USA,Maryland,Queen Anne,Hemsley Fortune Lane,winery,Wick Dudley,38.997394,-76.134463
cBt13,89244.0,4548.0,43053.0,2554.0,17133.0,29162.0,0.0,4051.0,7.0,5232.0,305.0,4023.0,0.0,7.0,0.0,811.0,336.0,943.0,242.0,537.0,18.0,0.0,174.0,0.0,137.0,6.0,308.0,0.0,0.0,0.0,13.0,488.0,0.0,0.0,0.0,0.0,0.0,3.0,0.0,0.0,0.0,0.0,0.0,0.0,0.0,0.0,0.0,0.0,0.0,255.0,304.0,0.0,0.0,0.0,0.0,0.0,0.0,1242.0,0.0,0.0,0.0,0.0,0.0,0.0,0.0,0.0,0.0,0.0,0.0,0.0,60.0,0.0,0.0,0.0,0.0,603.0,0.0,0.0,0.0,0.0,0.0,0.0,0.0,0.0,0.0,0.0,0.0,0.0,0.0,0.0,6.0,0.0,0.0,/home/jblaise/scratch/gsr_raw_data/fastqs/2022/its/cBt13_S66_L001_R1_001.fastq.gz,forward,cBt13,its21,Bt,healthy,Net,NMax,carbfranc,1.0,3.0,9/10/2022,6/14/2023,N711,S503,GP22_GSR,1.0,477.4,477.4,4.4,USA,Maryland,Queen Anne,Hemsley Fortune Lane,winery,Wick Dudley,38.997394,-76.134463
cBT13,5194.0,16.0,1750.0,14.0,3746.0,0.0,0.0,234.0,0.0,19.0,0.0,0.0,4.0,7.0,0.0,3109.0,0.0,4.0,8.0,6.0,10.0,6.0,0.0,0.0,0.0,0.0,0.0,0.0,0.0,0.0,0.0,0.0,0.0,0.0,0.0,0.0,0.0,0.0,0.0,0.0,0.0,0.0,0.0,0.0,0.0,0.0,0.0,0.0,0.0,0.0,0.0,0.0,0.0,0.0,0.0,0.0,0.0,0.0,0.0,3.0,6.0,0.0,0.0,0.0,0.0,0.0,0.0,0.0,0.0,0.0,0.0,0.0,0.0,0.0,0.0,0.0,0.0,0.0,0.0,0.0,0.0,0.0,0.0,0.0,0.0,0.0,0.0,0.0,0.0,0.0,0.0,0.0,0.0,/home/jblaise/scratch/gsr_raw_data/fastqs/2022/its/cBT13_S18_L001_R1_001.fastq.gz,forward,cBT13,its15,BT,healthy,Net,MMax,carbfranc,1.0,3.0,9/10/2022,6/14/2023,N703,S503,GP22_GSR,1.0,627.6,453.0,4.6,USA,Maryland,Queen Anne,Hemsley Fortune Lane,winery,Wick Dudley,38.997394,-76.134463
cbt21,672.0,361.0,136.0,36.0,44.0,1337.0,36.0,32.0,0.0,18.0,9.0,0.0,10.0,10.0,14.0,0.0,3.0,0.0,0.0,0.0,0.0,0.0,6.0,12.0,0.0,3.0,0.0,0.0,0.0,0.0,0.0,0.0,0.0,3.0,0.0,0.0,0.0,0.0,0.0,0.0,0.0,0.0,0.0,0.0,0.0,0.0,0.0,0.0,0.0,0.0,0.0,0.0,0.0,0.0,0.0,0.0,0.0,0.0,0.0,0.0,0.0,0.0,0.0,0.0,0.0,0.0,0.0,0.0,0.0,0.0,0.0,0.0,0.0,0.0,0.0,0.0,0.0,0.0,0.0,0.0,0.0,0.0,0.0,0.0,6.0,0.0,0.0,0.0,0.0,0.0,0.0,0.0,0.0,/home/jblaise/scratch/gsr_raw_data/fastqs/2022/its/cbt21_S29_L001_R1_001.fastq.gz,forward,cbt21,its52,bt,healthy,NNet,NMax,carbfranc,2.0,1.0,9/16/2022,6/14/2023,N704,S507,GP22_GSR,1.0,488.2,488.2,4.3,USA,Maryland,Queen Anne,Hemsley Fortune Lane,winery,Wick Dudley,38.997394,-76.134463
cbT21,79971.0,8285.0,10680.0,4345.0,6539.0,335.0,6.0,7022.0,1213.0,769.0,5710.0,235.0,1250.0,2556.0,2243.0,459.0,0.0,0.0,0.0,0.0,0.0,653.0,0.0,0.0,215.0,322.0,647.0,0.0,0.0,0.0,1328.0,0.0,0.0,0.0,0.0,0.0,0.0,0.0,0.0,0.0,0.0,0.0,0.0,0.0,0.0,0.0,0.0,0.0,0.0,0.0,348.0,0.0,0.0,0.0,0.0,0.0,0.0,0.0,0.0,0.0,0.0,0.0,0.0,0.0,0.0,0.0,462.0,0.0,536.0,356.0,0.0,0.0,0.0,0.0,0.0,0.0,0.0,0.0,0.0,0.0,0.0,0.0,0.0,0.0,0.0,0.0,0.0,0.0,0.0,0.0,0.0,0.0,0.0,/home/jblaise/scratch/gsr_raw_data/fastqs/2022/its/cbT21_S76_L001_R1_001.fastq.gz,forward,cbT21,its46,bT,healthy,NNet,MMax,carbfranc,2.0,1.0,9/16/2022,6/14/2023,N712,S506,GP22_GSR,1.0,479.0,479.0,4.4,USA,Maryland,Queen Anne,Hemsley Fortune Lane,winery,Wick Dudley,38.997394,-76.134463
cBt21,138473.0,64127.0,8488.0,14314.0,5356.0,19131.0,1446.0,5257.0,3583.0,1658.0,1213.0,481.0,2710.0,0.0,5275.0,499.0,0.0,168.0,0.0,119.0,888.0,149.0,658.0,4.0,373.0,1453.0,0.0,156.0,0.0,1923.0,0.0,0.0,224.0,63.0,0.0,443.0,0.0,2364.0,0.0,0.0,0.0,0.0,0.0,66.0,0.0,162.0,0.0,0.0,0.0,0.0,0.0,230.0,0.0,0.0,15.0,0.0,0.0,0.0,0.0,0.0,0.0,11.0,0.0,0.0,152.0,0.0,0.0,0.0,0.0,0.0,122.0,0.0,0.0,0.0,0.0,0.0,0.0,0.0,0.0,0.0,0.0,0.0,0.0,75.0,9.0,0.0,190.0,178.0,91.0,0.0,0.0,0.0,1.0,/home/jblaise/scratch/gsr_raw_data/fastqs/2022/its/cBt21_S5_L001_R1_001.fastq.gz,forward,cBt21,its49,Bt,healthy,Net,NMax,carbfranc,2.0,1.0,9/16/2022,6/14/2023,N701,S507,GP22_GSR,1.0,581.2,581.2,3.6,USA,Maryland,Queen Anne,Hemsley Fortune Lane,winery,Wick Dudley,38.997394,-76.134463
cBT21,5574.0,2436.0,3809.0,1598.0,43.0,723.0,0.0,664.0,19.0,0.0,15.0,0.0,5.0,13.0,10.0,0.0,0.0,0.0,0.0,0.0,0.0,0.0,0.0,0.0,0.0,0.0,7.0,0.0,0.0,0.0,0.0,0.0,0.0,0.0,0.0,0.0,2.0,0.0,0.0,0.0,0.0,0.0,0.0,0.0,0.0,0.0,0.0,0.0,0.0,0.0,0.0,0.0,0.0,0.0,0.0,0.0,0.0,0.0,0.0,0.0,0.0,0.0,0.0,0.0,0.0,0.0,0.0,0.0,67.0,0.0,0.0,0.0,0.0,0.0,0.0,0.0,0.0,0.0,0.0,0.0,0.0,0.0,0.0,0.0,0.0,0.0,0.0,0.0,0.0,0.0,0.0,0.0,0.0,/home/jblaise/scratch/gsr_raw_data/fastqs/2022/its/cBT21_S52_L001_R1_001.fastq.gz,forward,cBT21,its43,BT,healthy,Net,MMax,carbfranc,2.0,1.0,9/16/2022,6/14/2023,N707,S506,GP22_GSR,1.0,519.6,519.6,4.0,USA,Maryland,Queen Anne,Hemsley Fortune Lane,winery,Wick Dudley,38.997394,-76.134463
cbt22,3797.0,55.0,1045.0,1034.0,64.0,0.0,4.0,683.0,0.0,9.0,6.0,0.0,7.0,5.0,0.0,0.0,0.0,0.0,0.0,0.0,14.0,0.0,0.0,9.0,3.0,0.0,0.0,0.0,0.0,0.0,0.0,0.0,0.0,0.0,0.0,0.0,0.0,0.0,0.0,0.0,0.0,0.0,0.0,0.0,0.0,0.0,0.0,0.0,0.0,0.0,0.0,0.0,0.0,0.0,0.0,0.0,0.0,0.0,0.0,0.0,0.0,1197.0,0.0,0.0,0.0,0.0,0.0,0.0,0.0,0.0,0.0,0.0,0.0,0.0,0.0,0.0,0.0,0.0,0.0,0.0,0.0,0.0,0.0,0.0,0.0,0.0,0.0,0.0,0.0,0.0,0.0,0.0,0.0,/home/jblaise/scratch/gsr_raw_data/fastqs/2022/its/cbt22_S37_L001_R1_001.fastq.gz,forward,cbt22,its53,bt,healthy,NNet,NMax,carbfranc,2.0,2.0,9/16/2022,6/14/2023,N705,S507,GP22_GSR,1.0,508.1,508.1,4.1,USA,Maryland,Queen Anne,Hemsley Fortune Lane,winery,Wick Dudley,38.997394,-76.134463
cbT22,25501.0,5273.0,21639.0,18.0,8165.0,3774.0,0.0,902.0,4.0,1982.0,5.0,0.0,0.0,0.0,0.0,0.0,0.0,0.0,0.0,5.0,0.0,5.0,0.0,0.0,0.0,0.0,0.0,0.0,0.0,0.0,0.0,0.0,0.0,0.0,0.0,0.0,3202.0,0.0,0.0,0.0,0.0,0.0,0.0,0.0,0.0,0.0,0.0,0.0,0.0,0.0,0.0,0.0,0.0,0.0,0.0,0.0,0.0,0.0,0.0,0.0,7.0,0.0,0.0,0.0,0.0,0.0,0.0,0.0,45.0,0.0,10.0,0.0,0.0,0.0,0.0,0.0,0.0,0.0,0.0,0.0,237.0,0.0,0.0,0.0,0.0,0.0,0.0,0.0,0.0,0.0,6.0,0.0,0.0,/home/jblaise/scratch/gsr_raw_data/fastqs/2022/its/cbT22_S84_L001_R1_001.fastq.gz,forward,cbT22,its47,bT,healthy,NNet,MMax,carbfranc,2.0,2.0,9/16/2022,6/14/2023,N714,S506,GP22_GSR,1.0,537.1,537.1,3.9,USA,Maryland,Queen Anne,Hemsley Fortune Lane,winery,Wick Dudley,38.997394,-76.134463
cBt22,109548.0,1246.0,30550.0,1285.0,4737.0,9966.0,7.0,3539.0,0.0,10692.0,2621.0,2854.0,9.0,0.0,0.0,0.0,0.0,147.0,0.0,0.0,0.0,0.0,0.0,12634.0,6.0,1314.0,0.0,0.0,0.0,0.0,0.0,0.0,0.0,4785.0,0.0,0.0,0.0,18.0,0.0,0.0,0.0,0.0,0.0,2463.0,0.0,0.0,0.0,0.0,0.0,0.0,0.0,0.0,0.0,0.0,0.0,0.0,0.0,0.0,0.0,0.0,0.0,0.0,0.0,0.0,0.0,0.0,0.0,0.0,25.0,0.0,77.0,0.0,0.0,0.0,0.0,0.0,0.0,0.0,232.0,0.0,0.0,0.0,0.0,0.0,0.0,0.0,0.0,0.0,0.0,0.0,0.0,0.0,0.0,/home/jblaise/scratch/gsr_raw_data/fastqs/2022/its/cBt22_S13_L001_R1_001.fastq.gz,forward,cBt22,its50,Bt,healthy,Net,NMax,carbfranc,2.0,2.0,9/16/2022,6/14/2023,N702,S507,GP22_GSR,1.0,547.9,547.9,3.8,USA,Maryland,Queen Anne,Hemsley Fortune Lane,winery,Wick Dudley,38.997394,-76.134463
cBT22,13609.0,27819.0,3419.0,6653.0,30.0,18.0,249.0,2206.0,5043.0,6.0,793.0,0.0,1023.0,3469.0,3775.0,311.0,0.0,0.0,0.0,1476.0,0.0,0.0,0.0,0.0,0.0,0.0,0.0,0.0,0.0,1371.0,0.0,0.0,0.0,0.0,0.0,0.0,3.0,0.0,0.0,2330.0,0.0,0.0,0.0,0.0,0.0,0.0,0.0,0.0,0.0,0.0,0.0,0.0,0.0,0.0,0.0,0.0,0.0,0.0,0.0,0.0,0.0,0.0,0.0,0.0,0.0,0.0,0.0,0.0,58.0,0.0,9.0,0.0,0.0,0.0,0.0,0.0,0.0,0.0,0.0,0.0,0.0,0.0,0.0,0.0,0.0,0.0,0.0,0.0,0.0,0.0,0.0,0.0,0.0,/home/jblaise/scratch/gsr_raw_data/fastqs/2022/its/cBT22_S60_L001_R1_001.fastq.gz,forward,cBT22,its44,BT,healthy,Net,MMax,carbfranc,2.0,2.0,9/16/2022,6/14/2023,N710,S506,GP22_GSR,1.0,497.4,497.4,4.2,USA,Maryland,Queen Anne,Hemsley Fortune Lane,winery,Wick Dudley,38.997394,-76.134463
cbt23,11473.0,1108.0,668.0,27.0,5382.0,12.0,2.0,227.0,3939.0,5.0,0.0,0.0,853.0,0.0,0.0,0.0,0.0,0.0,0.0,0.0,0.0,0.0,326.0,0.0,5.0,0.0,0.0,0.0,0.0,0.0,0.0,0.0,0.0,4.0,0.0,0.0,0.0,0.0,0.0,0.0,0.0,0.0,0.0,0.0,2.0,0.0,0.0,0.0,0.0,0.0,0.0,0.0,0.0,0.0,0.0,0.0,0.0,0.0,0.0,0.0,0.0,0.0,4.0,0.0,0.0,0.0,0.0,0.0,0.0,0.0,0.0,0.0,0.0,0.0,0.0,0.0,0.0,0.0,0.0,0.0,0.0,0.0,0.0,0.0,0.0,0.0,0.0,0.0,0.0,0.0,0.0,0.0,0.0,/home/jblaise/scratch/gsr_raw_data/fastqs/2022/its/cbt23_S45_L001_R1_001.fastq.gz,forward,cbt23,its54,bt,healthy,NNet,NMax,carbfranc,2.0,3.0,9/16/2022,6/14/2023,N706,S507,GP22_GSR,1.0,473.0,473.0,4.4,USA,Maryland,Queen Anne,Hemsley Fortune Lane,winery,Wick Dudley,38.997394,-76.134463
cbT23,440.0,18.0,19.0,6.0,0.0,0.0,0.0,9.0,0.0,0.0,4.0,0.0,5.0,0.0,0.0,5.0,0.0,2.0,0.0,6.0,0.0,0.0,0.0,0.0,0.0,0.0,0.0,0.0,0.0,0.0,0.0,0.0,0.0,0.0,0.0,0.0,0.0,0.0,0.0,0.0,0.0,0.0,0.0,0.0,0.0,0.0,0.0,0.0,0.0,0.0,0.0,0.0,0.0,0.0,0.0,0.0,0.0,0.0,0.0,0.0,0.0,0.0,0.0,0.0,0.0,0.0,0.0,0.0,15.0,0.0,0.0,0.0,0.0,0.0,0.0,0.0,0.0,0.0,0.0,0.0,0.0,0.0,0.0,0.0,0.0,0.0,0.0,0.0,0.0,0.0,0.0,0.0,0.0,/home/jblaise/scratch/gsr_raw_data/fastqs/2022/its/cbT23_S92_L001_R1_001.fastq.gz,forward,cbT23,its48,bT,healthy,NNet,MMax,carbfranc,2.0,3.0,9/16/2022,6/14/2023,N715,S506,GP22_GSR,1.0,630.4,378.0,5.5,USA,Maryland,Queen Anne,Hemsley Fortune Lane,winery,Wick Dudley,38.997394,-76.134463
cBt23,69074.0,12431.0,47198.0,13295.0,3516.0,757.0,0.0,6911.0,19.0,650.0,1695.0,422.0,3041.0,12.0,370.0,479.0,1236.0,389.0,0.0,0.0,0.0,0.0,197.0,10.0,2048.0,540.0,397.0,0.0,0.0,0.0,0.0,275.0,0.0,3.0,0.0,0.0,79.0,0.0,0.0,0.0,0.0,0.0,0.0,0.0,0.0,0.0,0.0,0.0,0.0,0.0,0.0,0.0,0.0,0.0,0.0,0.0,0.0,0.0,0.0,0.0,0.0,0.0,0.0,0.0,0.0,0.0,0.0,265.0,0.0,0.0,62.0,0.0,0.0,0.0,66.0,0.0,0.0,0.0,0.0,0.0,0.0,0.0,0.0,0.0,0.0,0.0,0.0,0.0,0.0,0.0,0.0,13.0,0.0,/home/jblaise/scratch/gsr_raw_data/fastqs/2022/its/cBt23_S21_L001_R1_001.fastq.gz,forward,cBt23,its51,Bt,healthy,Net,NMax,carbfranc,2.0,3.0,9/16/2022,6/14/2023,N703,S507,GP22_GSR,1.0,514.8,514.8,4.1,USA,Maryland,Queen Anne,Hemsley Fortune Lane,winery,Wick Dudley,38.997394,-76.134463
cBT23,5199.0,43.0,2732.0,23.0,909.0,24.0,0.0,0.0,0.0,10.0,7.0,0.0,0.0,0.0,0.0,0.0,0.0,0.0,0.0,0.0,10.0,0.0,0.0,0.0,0.0,3.0,0.0,0.0,0.0,0.0,0.0,0.0,0.0,0.0,0.0,0.0,0.0,0.0,0.0,0.0,0.0,0.0,0.0,0.0,0.0,0.0,0.0,0.0,0.0,0.0,0.0,0.0,0.0,0.0,0.0,0.0,0.0,0.0,0.0,0.0,0.0,0.0,0.0,0.0,0.0,0.0,0.0,0.0,44.0,0.0,0.0,0.0,0.0,0.0,0.0,0.0,0.0,0.0,0.0,0.0,0.0,0.0,0.0,0.0,0.0,0.0,0.0,0.0,0.0,0.0,0.0,0.0,0.0,/home/jblaise/scratch/gsr_raw_data/fastqs/2022/its/cBT23_S68_L001_R1_001.fastq.gz,forward,cBT23,its45,BT,healthy,Net,MMax,carbfranc,2.0,3.0,9/16/2022,6/14/2023,N711,S506,GP22_GSR,1.0,493.2,493.2,4.3,USA,Maryland,Queen Anne,Hemsley Fortune Lane,winery,Wick Dudley,38.997394,-76.134463
cbt31,55695.0,4246.0,31710.0,32.0,7021.0,2047.0,5.0,1942.0,13.0,14.0,1193.0,2053.0,0.0,2919.0,8.0,63.0,4.0,0.0,0.0,0.0,0.0,0.0,3.0,3.0,0.0,0.0,0.0,3.0,0.0,0.0,219.0,0.0,0.0,0.0,0.0,0.0,0.0,0.0,0.0,0.0,0.0,0.0,0.0,144.0,0.0,0.0,1214.0,0.0,0.0,0.0,0.0,0.0,0.0,0.0,0.0,0.0,0.0,0.0,0.0,0.0,0.0,0.0,0.0,0.0,686.0,0.0,0.0,0.0,30.0,0.0,30.0,0.0,0.0,0.0,0.0,0.0,0.0,0.0,0.0,0.0,0.0,0.0,0.0,0.0,0.0,0.0,0.0,0.0,0.0,0.0,18.0,0.0,0.0,/home/jblaise/scratch/gsr_raw_data/fastqs/2022/its/cbt31_S79_L001_R1_001.fastq.gz,forward,cbt31,its82,bt,healthy,NNet,NMax,carbfranc,3.0,1.0,9/27/2022,6/14/2023,N712,S510,GP22_GSR,1.0,752.2,433.0,4.8,USA,Maryland,Queen Anne,Hemsley Fortune Lane,winery,Wick Dudley,38.997394,-76.134463
cbT31,272924.0,7340.0,77547.0,2223.0,18457.0,14558.0,70.0,4027.0,16.0,0.0,396.0,472.0,87.0,19.0,231.0,946.0,782.0,165.0,11.0,0.0,0.0,463.0,0.0,0.0,3.0,522.0,488.0,4.0,0.0,0.0,0.0,0.0,0.0,0.0,0.0,296.0,0.0,0.0,0.0,0.0,0.0,0.0,0.0,340.0,0.0,0.0,0.0,0.0,0.0,0.0,43.0,0.0,0.0,0.0,0.0,0.0,0.0,0.0,0.0,0.0,0.0,5.0,0.0,0.0,0.0,0.0,439.0,0.0,0.0,0.0,59.0,0.0,0.0,80.0,0.0,0.0,0.0,0.0,0.0,0.0,0.0,0.0,0.0,0.0,0.0,0.0,0.0,0.0,0.0,0.0,0.0,0.0,0.0,/home/jblaise/scratch/gsr_raw_data/fastqs/2022/its/cbT31_S31_L001_R1_001.fastq.gz,forward,cbT31,its76,bT,healthy,NNet,MMax,carbfranc,3.0,1.0,9/27/2022,6/14/2023,N704,S510,GP22_GSR,1.0,928.7,476.0,4.4,USA,Maryland,Queen Anne,Hemsley Fortune Lane,winery,Wick Dudley,38.997394,-76.134463
cBt31,6370.0,225.0,181.0,40.0,198.0,46.0,2.0,77.0,10.0,16.0,0.0,18.0,0.0,7.0,0.0,12.0,3.0,0.0,0.0,0.0,0.0,6.0,4.0,0.0,0.0,0.0,0.0,0.0,0.0,0.0,0.0,0.0,0.0,0.0,0.0,0.0,0.0,0.0,0.0,0.0,0.0,0.0,0.0,0.0,0.0,0.0,0.0,0.0,0.0,0.0,0.0,0.0,0.0,0.0,0.0,0.0,0.0,0.0,0.0,0.0,7.0,0.0,0.0,0.0,0.0,0.0,0.0,0.0,0.0,0.0,0.0,0.0,0.0,0.0,0.0,0.0,0.0,0.0,0.0,0.0,0.0,0.0,0.0,0.0,0.0,0.0,0.0,0.0,0.0,0.0,0.0,0.0,0.0,/home/jblaise/scratch/gsr_raw_data/fastqs/2022/its/cBt31_S55_L001_R1_001.fastq.gz,forward,cBt31,its79,Bt,healthy,Net,NMax,carbfranc,3.0,1.0,9/27/2022,6/14/2023,N707,S510,GP22_GSR,1.0,611.8,469.0,4.5,USA,Maryland,Queen Anne,Hemsley Fortune Lane,winery,Wick Dudley,38.997394,-76.134463
cBT31,69188.0,2490.0,3741.0,12192.0,5596.0,48.0,2171.0,5076.0,12.0,1868.0,5.0,0.0,549.0,5.0,22.0,10.0,737.0,435.0,0.0,1529.0,757.0,0.0,422.0,0.0,4.0,0.0,336.0,1731.0,0.0,0.0,0.0,0.0,0.0,0.0,580.0,0.0,0.0,468.0,0.0,0.0,0.0,0.0,0.0,0.0,0.0,0.0,994.0,0.0,0.0,0.0,0.0,46.0,0.0,0.0,0.0,0.0,0.0,0.0,101.0,0.0,0.0,0.0,0.0,0.0,414.0,0.0,0.0,0.0,0.0,0.0,0.0,0.0,0.0,0.0,0.0,0.0,0.0,0.0,0.0,0.0,0.0,0.0,0.0,0.0,0.0,0.0,0.0,0.0,0.0,0.0,0.0,0.0,0.0,/home/jblaise/scratch/gsr_raw_data/fastqs/2022/its/cBT31_S7_L001_R1_001.fastq.gz,forward,cBT31,its73,BT,healthy,Net,MMax,carbfranc,3.0,1.0,9/27/2022,6/14/2023,N701,S510,GP22_GSR,1.0,831.9,545.0,3.8,USA,Maryland,Queen Anne,Hemsley Fortune Lane,winery,Wick Dudley,38.997394,-76.134463
cbt32,93764.0,75.0,32743.0,14723.0,7048.0,693.0,64.0,10475.0,3600.0,0.0,4675.0,348.0,3.0,4780.0,5574.0,0.0,915.0,0.0,0.0,0.0,0.0,0.0,0.0,0.0,0.0,141.0,283.0,0.0,0.0,0.0,0.0,0.0,0.0,0.0,0.0,631.0,0.0,477.0,0.0,0.0,0.0,0.0,5.0,0.0,579.0,0.0,0.0,0.0,0.0,0.0,0.0,879.0,0.0,0.0,0.0,0.0,0.0,0.0,0.0,0.0,0.0,0.0,0.0,0.0,0.0,0.0,0.0,0.0,0.0,0.0,0.0,0.0,0.0,0.0,35.0,0.0,0.0,0.0,0.0,0.0,0.0,0.0,0.0,0.0,0.0,0.0,0.0,0.0,0.0,0.0,0.0,0.0,0.0,/home/jblaise/scratch/gsr_raw_data/fastqs/2022/its/cbt32_S87_L001_R1_001.fastq.gz,forward,cbt32,its83,bt,healthy,NNet,NMax,carbfranc,3.0,2.0,9/27/2022,6/14/2023,N714,S510,GP22_GSR,1.0,881.8,479.0,4.4,USA,Maryland,Queen Anne,Hemsley Fortune Lane,winery,Wick Dudley,38.997394,-76.134463
cbT32,7227.0,449.0,2406.0,1795.0,1832.0,285.0,2.0,1257.0,329.0,12.0,529.0,856.0,35.0,0.0,0.0,23.0,0.0,242.0,414.0,0.0,14.0,294.0,375.0,0.0,0.0,265.0,75.0,0.0,0.0,0.0,5.0,0.0,0.0,0.0,0.0,0.0,0.0,0.0,0.0,0.0,0.0,0.0,0.0,0.0,0.0,0.0,0.0,0.0,0.0,185.0,0.0,0.0,0.0,0.0,0.0,0.0,0.0,0.0,0.0,0.0,0.0,0.0,0.0,0.0,0.0,0.0,0.0,0.0,0.0,0.0,0.0,0.0,0.0,0.0,0.0,0.0,0.0,0.0,0.0,0.0,0.0,0.0,0.0,0.0,0.0,0.0,0.0,0.0,0.0,0.0,0.0,0.0,0.0,/home/jblaise/scratch/gsr_raw_data/fastqs/2022/its/cbT32_S39_L001_R1_001.fastq.gz,forward,cbT32,its77,bT,healthy,NNet,MMax,carbfranc,3.0,2.0,9/27/2022,6/14/2023,N705,S510,GP22_GSR,1.0,695.7,543.0,3.9,USA,Maryland,Queen Anne,Hemsley Fortune Lane,winery,Wick Dudley,38.997394,-76.134463
cBt32,2466.0,115.0,71.0,29.0,31.0,0.0,10.0,74.0,15.0,6.0,16.0,0.0,0.0,0.0,0.0,14505.0,0.0,0.0,0.0,3.0,0.0,0.0,0.0,0.0,0.0,5.0,0.0,0.0,131.0,0.0,0.0,0.0,0.0,0.0,0.0,0.0,0.0,0.0,0.0,0.0,0.0,0.0,0.0,0.0,0.0,0.0,0.0,0.0,0.0,0.0,0.0,0.0,0.0,0.0,0.0,0.0,0.0,0.0,0.0,0.0,0.0,0.0,0.0,0.0,0.0,0.0,0.0,0.0,0.0,0.0,0.0,0.0,0.0,0.0,0.0,0.0,0.0,0.0,0.0,2.0,0.0,0.0,0.0,0.0,0.0,0.0,0.0,0.0,0.0,0.0,0.0,0.0,0.0,/home/jblaise/scratch/gsr_raw_data/fastqs/2022/its/cBt32_S63_L001_R1_001.fastq.gz,forward,cBt32,its80,Bt,healthy,Net,NMax,carbfranc,3.0,2.0,9/27/2022,6/14/2023,N710,S510,GP22_GSR,1.0,566.4,566.4,3.7,USA,Maryland,Queen Anne,Hemsley Fortune Lane,winery,Wick Dudley,38.997394,-76.134463
cBT32,156198.0,4104.0,22560.0,996.0,3255.0,16963.0,12.0,2465.0,1732.0,952.0,9.0,10.0,390.0,566.0,0.0,1400.0,0.0,338.0,3367.0,4.0,0.0,1277.0,5.0,6.0,0.0,550.0,0.0,0.0,0.0,0.0,0.0,0.0,0.0,0.0,0.0,0.0,0.0,0.0,0.0,0.0,0.0,446.0,0.0,0.0,0.0,0.0,0.0,0.0,0.0,507.0,0.0,0.0,0.0,0.0,0.0,0.0,0.0,0.0,38.0,0.0,0.0,1306.0,0.0,0.0,0.0,0.0,0.0,0.0,37.0,0.0,7.0,0.0,0.0,0.0,0.0,0.0,0.0,0.0,0.0,0.0,0.0,0.0,0.0,0.0,0.0,0.0,0.0,0.0,0.0,0.0,3.0,0.0,0.0,/home/jblaise/scratch/gsr_raw_data/fastqs/2022/its/cBT32_S15_L001_R1_001.fastq.gz,forward,cBT32,its74,BT,healthy,Net,MMax,carbfranc,3.0,2.0,9/27/2022,6/14/2023,N702,S510,GP22_GSR,1.0,1274.2,467.0,4.5,USA,Maryland,Queen Anne,Hemsley Fortune Lane,winery,Wick Dudley,38.997394,-76.134463
cbt33,124313.0,11930.0,96656.0,12755.0,26157.0,26858.0,60.0,8028.0,0.0,0.0,1090.0,0.0,225.0,3078.0,1541.0,904.0,0.0,180.0,595.0,142.0,0.0,0.0,0.0,0.0,281.0,0.0,587.0,0.0,0.0,0.0,0.0,477.0,0.0,0.0,0.0,0.0,535.0,132.0,234.0,0.0,0.0,0.0,0.0,1049.0,2.0,0.0,0.0,0.0,0.0,0.0,0.0,0.0,0.0,0.0,0.0,0.0,0.0,0.0,27.0,0.0,0.0,0.0,0.0,0.0,0.0,0.0,0.0,0.0,0.0,0.0,210.0,0.0,0.0,160.0,56.0,0.0,0.0,0.0,0.0,0.0,0.0,0.0,0.0,0.0,0.0,0.0,0.0,0.0,0.0,10.0,0.0,0.0,0.0,/home/jblaise/scratch/gsr_raw_data/fastqs/2022/its/cbt33_S95_L001_R1_001.fastq.gz,forward,cbt33,its84,bt,healthy,NNet,NMax,carbfranc,3.0,3.0,9/27/2022,6/14/2023,N715,S510,GP22_GSR,1.0,969.8,498.0,4.2,USA,Maryland,Queen Anne,Hemsley Fortune Lane,winery,Wick Dudley,38.997394,-76.134463
cbT33,28058.0,276999.0,927.0,5425.0,1691.0,7693.0,2046.0,5866.0,367.0,0.0,352.0,0.0,0.0,1519.0,989.0,6.0,605.0,5.0,0.0,0.0,0.0,700.0,0.0,0.0,1043.0,55.0,151.0,125.0,0.0,0.0,0.0,0.0,0.0,0.0,0.0,721.0,0.0,0.0,0.0,0.0,0.0,0.0,0.0,0.0,786.0,0.0,0.0,0.0,0.0,0.0,120.0,0.0,0.0,0.0,0.0,0.0,9.0,31.0,0.0,300.0,0.0,5.0,0.0,0.0,0.0,0.0,0.0,0.0,0.0,0.0,181.0,0.0,0.0,0.0,0.0,0.0,0.0,0.0,0.0,0.0,0.0,0.0,0.0,0.0,291.0,0.0,0.0,0.0,0.0,0.0,0.0,0.0,0.0,/home/jblaise/scratch/gsr_raw_data/fastqs/2022/its/cbT33_S47_L001_R1_001.fastq.gz,forward,cbT33,its78,bT,healthy,NNet,MMax,carbfranc,3.0,3.0,9/27/2022,6/14/2023,N706,S510,GP22_GSR,1.0,627.4,474.0,4.4,USA,Maryland,Queen Anne,Hemsley Fortune Lane,winery,Wick Dudley,38.997394,-76.134463
cBt33,462.0,149.0,152.0,49.0,100.0,16.0,364.0,36.0,13.0,0.0,5.0,0.0,0.0,7.0,13.0,0.0,0.0,0.0,0.0,0.0,3.0,2.0,0.0,0.0,0.0,0.0,0.0,0.0,0.0,0.0,0.0,0.0,0.0,0.0,0.0,0.0,0.0,0.0,0.0,0.0,0.0,0.0,0.0,0.0,0.0,0.0,0.0,0.0,0.0,0.0,0.0,0.0,0.0,0.0,0.0,0.0,0.0,0.0,0.0,0.0,0.0,0.0,0.0,0.0,0.0,0.0,0.0,0.0,0.0,0.0,0.0,0.0,0.0,0.0,0.0,0.0,0.0,0.0,0.0,0.0,0.0,0.0,0.0,0.0,0.0,0.0,0.0,0.0,0.0,0.0,0.0,0.0,0.0,/home/jblaise/scratch/gsr_raw_data/fastqs/2022/its/cBt33_S71_L001_R1_001.fastq.gz,forward,cBt33,its81,Bt,healthy,Net,NMax,carbfranc,3.0,3.0,9/27/2022,6/14/2023,N711,S510,GP22_GSR,1.0,601.3,518.0,4.0,USA,Maryland,Queen Anne,Hemsley Fortune Lane,winery,Wick Dudley,38.997394,-76.134463
cBT33,110696.0,14012.0,31526.0,12216.0,40243.0,3073.0,2.0,7331.0,7968.0,152.0,440.0,895.0,1684.0,1993.0,1446.0,410.0,2193.0,0.0,1249.0,0.0,0.0,481.0,166.0,0.0,960.0,118.0,126.0,170.0,0.0,884.0,0.0,7.0,0.0,81.0,0.0,334.0,0.0,0.0,0.0,759.0,0.0,0.0,0.0,0.0,0.0,0.0,0.0,0.0,0.0,0.0,0.0,0.0,0.0,0.0,0.0,0.0,0.0,0.0,0.0,0.0,0.0,0.0,0.0,0.0,0.0,0.0,294.0,865.0,0.0,540.0,69.0,0.0,0.0,0.0,54.0,0.0,0.0,0.0,0.0,522.0,0.0,0.0,0.0,0.0,0.0,0.0,0.0,0.0,0.0,0.0,0.0,0.0,0.0,/home/jblaise/scratch/gsr_raw_data/fastqs/2022/its/cBT33_S23_L001_R1_001.fastq.gz,forward,cBT33,its75,BT,healthy,Net,MMax,carbfranc,3.0,3.0,9/27/2022,6/14/2023,N703,S510,GP22_GSR,1.0,1058.7,525.0,4.0,USA,Maryland,Queen Anne,Hemsley Fortune Lane,winery,Wick Dudley,38.997394,-76.134463
fctrl,89.0,53.0,25.0,18.0,28.0,7.0,892.0,97.0,0.0,0.0,0.0,3.0,0.0,0.0,0.0,0.0,0.0,0.0,7.0,0.0,0.0,0.0,0.0,0.0,4.0,0.0,0.0,0.0,0.0,0.0,0.0,0.0,0.0,0.0,0.0,0.0,0.0,0.0,0.0,0.0,0.0,0.0,0.0,0.0,8.0,254.0,0.0,0.0,0.0,0.0,0.0,0.0,0.0,0.0,45.0,0.0,0.0,0.0,0.0,0.0,0.0,0.0,0.0,0.0,0.0,0.0,0.0,0.0,0.0,0.0,0.0,0.0,61.0,0.0,0.0,0.0,0.0,0.0,0.0,0.0,0.0,0.0,0.0,0.0,0.0,0.0,0.0,0.0,0.0,0.0,0.0,0.0,0.0,/home/jblaise/scratch/gsr_raw_data/fastqs/2022/its/ctrl_S132_L001_R1_001.fastq.gz,forward,ctrl,its114,tr,healthy,control,control,control,4.0,1.0,6/13/2023,6/14/2023,N715,S505,GP22_GSR,2.0,433.0,433.0,4.8,USA,Maryland,Queen Anne,Hemsley Fortune Lane,winery,Wick Dudley,38.997394,-76.134463
vbt11,32933.0,571.0,34992.0,1152.0,1984.0,1826.0,0.0,4900.0,0.0,468.0,12.0,9.0,4.0,1897.0,0.0,554.0,0.0,10.0,0.0,0.0,0.0,0.0,648.0,7.0,0.0,3.0,686.0,0.0,0.0,0.0,0.0,0.0,0.0,0.0,0.0,3.0,0.0,0.0,0.0,0.0,5.0,3.0,0.0,0.0,0.0,0.0,0.0,0.0,0.0,489.0,0.0,0.0,0.0,0.0,0.0,0.0,9.0,0.0,0.0,0.0,35.0,0.0,0.0,0.0,0.0,0.0,0.0,0.0,38.0,0.0,20.0,4.0,0.0,0.0,470.0,0.0,0.0,0.0,0.0,0.0,0.0,0.0,0.0,0.0,0.0,0.0,0.0,0.0,0.0,0.0,4.0,0.0,0.0,/home/jblaise/scratch/gsr_raw_data/fastqs/2022/its/vbt11_S75_L001_R1_001.fastq.gz,forward,vbt11,its34,bt,healthy,NNet,NMax,vidalblanc,1.0,1.0,9/10/2022,6/14/2023,N712,S505,GP22_GSR,1.0,443.6,443.6,4.7,USA,Maryland,Queen Anne,Hemsley Fortune Lane,winery,Wick Dudley,38.997394,-76.134463
vbT11,22831.0,76805.0,3989.0,1154.0,1184.0,1017.0,94076.0,2484.0,14.0,2067.0,5.0,1380.0,6.0,11.0,105.0,6.0,0.0,0.0,0.0,0.0,0.0,4.0,1560.0,0.0,2824.0,0.0,0.0,1056.0,10.0,1064.0,0.0,0.0,0.0,0.0,0.0,0.0,0.0,0.0,0.0,0.0,0.0,0.0,0.0,17.0,255.0,1889.0,0.0,4.0,0.0,0.0,3.0,0.0,0.0,0.0,1359.0,3.0,0.0,0.0,0.0,0.0,0.0,12.0,0.0,0.0,0.0,0.0,0.0,0.0,0.0,0.0,16.0,0.0,57.0,0.0,17.0,0.0,0.0,0.0,0.0,0.0,0.0,3.0,0.0,0.0,0.0,0.0,0.0,0.0,0.0,0.0,0.0,0.0,0.0,/home/jblaise/scratch/gsr_raw_data/fastqs/2022/its/vbT11_S27_L001_R1_001.fastq.gz,forward,vbT11,its28,bT,healthy,NNet,MMax,vidalblanc,1.0,1.0,9/10/2022,6/14/2023,N704,S505,GP22_GSR,1.0,517.6,517.6,4.1,USA,Maryland,Queen Anne,Hemsley Fortune Lane,winery,Wick Dudley,38.997394,-76.134463
vBt11,103753.0,106.0,4889.0,2419.0,15542.0,15411.0,55.0,1496.0,6969.0,815.0,1348.0,29642.0,10052.0,0.0,1153.0,3612.0,5.0,5.0,1939.0,3703.0,0.0,0.0,0.0,0.0,8.0,0.0,0.0,0.0,5.0,0.0,0.0,0.0,3317.0,0.0,0.0,0.0,0.0,0.0,0.0,0.0,0.0,0.0,0.0,0.0,0.0,0.0,0.0,0.0,0.0,0.0,0.0,0.0,0.0,0.0,0.0,1556.0,0.0,0.0,56.0,0.0,16.0,0.0,0.0,0.0,0.0,0.0,0.0,0.0,0.0,0.0,11.0,0.0,299.0,0.0,0.0,0.0,0.0,0.0,0.0,0.0,0.0,0.0,0.0,0.0,0.0,0.0,0.0,0.0,0.0,0.0,10.0,0.0,0.0,/home/jblaise/scratch/gsr_raw_data/fastqs/2022/its/vBt11_S51_L001_R1_001.fastq.gz,forward,vBt11,its31,Bt,healthy,Net,NMax,vidalblanc,1.0,1.0,9/10/2022,6/14/2023,N707,S505,GP22_GSR,1.0,444.6,444.6,4.7,USA,Maryland,Queen Anne,Hemsley Fortune Lane,winery,Wick Dudley,38.997394,-76.134463
vBT11,74505.0,106723.0,8636.0,1642.0,3011.0,2418.0,1322.0,5484.0,3758.0,0.0,646.0,1225.0,2936.0,5506.0,1282.0,94.0,2516.0,904.0,1324.0,0.0,551.0,1865.0,725.0,2.0,744.0,0.0,0.0,552.0,0.0,737.0,0.0,0.0,0.0,0.0,0.0,0.0,0.0,0.0,0.0,0.0,0.0,0.0,0.0,0.0,0.0,3.0,0.0,0.0,0.0,0.0,0.0,0.0,0.0,0.0,0.0,0.0,1425.0,0.0,0.0,0.0,0.0,728.0,0.0,0.0,0.0,0.0,0.0,0.0,0.0,0.0,77.0,0.0,0.0,0.0,0.0,0.0,0.0,0.0,471.0,0.0,0.0,0.0,0.0,0.0,0.0,0.0,0.0,0.0,0.0,0.0,0.0,0.0,0.0,/home/jblaise/scratch/gsr_raw_data/fastqs/2022/its/vBT11_S3_L001_R1_001.fastq.gz,forward,vBT11,its25,BT,healthy,Net,MMax,vidalblanc,1.0,1.0,9/10/2022,6/14/2023,N701,S505,GP22_GSR,1.0,588.2,588.2,3.6,USA,Maryland,Queen Anne,Hemsley Fortune Lane,winery,Wick Dudley,38.997394,-76.134463
vbt12,110039.0,15559.0,32265.0,19201.0,1445.0,3646.0,13.0,9633.0,1592.0,14.0,5117.0,574.0,1770.0,15.0,1832.0,190.0,4486.0,2750.0,0.0,0.0,972.0,0.0,2264.0,0.0,3.0,5.0,641.0,0.0,0.0,0.0,22.0,0.0,0.0,0.0,5373.0,1900.0,0.0,2.0,0.0,0.0,2666.0,3451.0,0.0,1.0,3.0,0.0,0.0,0.0,0.0,0.0,0.0,0.0,0.0,1662.0,0.0,0.0,0.0,0.0,0.0,0.0,34.0,3.0,0.0,0.0,0.0,0.0,0.0,15.0,0.0,0.0,10.0,857.0,0.0,0.0,145.0,0.0,0.0,0.0,0.0,0.0,0.0,0.0,0.0,0.0,0.0,0.0,0.0,0.0,0.0,0.0,4.0,16.0,0.0,/home/jblaise/scratch/gsr_raw_data/fastqs/2022/its/vbt12_S83_L001_R1_001.fastq.gz,forward,vbt12,its35,bt,healthy,NNet,NMax,vidalblanc,1.0,2.0,9/10/2022,6/14/2023,N714,S505,GP22_GSR,1.0,513.5,513.5,4.1,USA,Maryland,Queen Anne,Hemsley Fortune Lane,winery,Wick Dudley,38.997394,-76.134463
vbT12,46867.0,2691.0,10472.0,2857.0,9192.0,7178.0,49.0,850.0,0.0,4081.0,464.0,210.0,0.0,6.0,63.0,770.0,804.0,563.0,0.0,599.0,0.0,0.0,0.0,1327.0,0.0,0.0,0.0,0.0,2.0,0.0,1936.0,0.0,0.0,0.0,0.0,0.0,270.0,0.0,0.0,0.0,0.0,0.0,0.0,0.0,0.0,0.0,0.0,0.0,0.0,0.0,322.0,0.0,254.0,0.0,0.0,0.0,0.0,0.0,9.0,0.0,0.0,598.0,0.0,0.0,0.0,0.0,0.0,0.0,0.0,0.0,0.0,0.0,0.0,269.0,0.0,0.0,0.0,0.0,0.0,0.0,0.0,208.0,0.0,0.0,0.0,137.0,0.0,0.0,188.0,0.0,0.0,0.0,0.0,/home/jblaise/scratch/gsr_raw_data/fastqs/2022/its/vbT12_S35_L001_R1_001.fastq.gz,forward,vbT12,its29,bT,healthy,NNet,MMax,vidalblanc,1.0,2.0,9/10/2022,6/14/2023,N705,S505,GP22_GSR,1.0,453.1,453.1,4.6,USA,Maryland,Queen Anne,Hemsley Fortune Lane,winery,Wick Dudley,38.997394,-76.134463
vBt12,14098.0,1171.0,2478.0,17442.0,19.0,0.0,10085.0,3474.0,0.0,4591.0,3921.0,7.0,7.0,9.0,2544.0,10.0,241.0,1402.0,0.0,8.0,0.0,0.0,0.0,0.0,0.0,1034.0,0.0,0.0,7971.0,0.0,0.0,0.0,0.0,0.0,0.0,0.0,0.0,0.0,0.0,0.0,0.0,0.0,0.0,0.0,0.0,0.0,0.0,0.0,0.0,0.0,0.0,0.0,0.0,0.0,0.0,0.0,0.0,0.0,0.0,0.0,0.0,0.0,0.0,0.0,0.0,0.0,0.0,0.0,0.0,0.0,0.0,0.0,0.0,0.0,0.0,0.0,0.0,0.0,0.0,0.0,0.0,0.0,0.0,0.0,0.0,0.0,0.0,0.0,0.0,0.0,0.0,0.0,0.0,/home/jblaise/scratch/gsr_raw_data/fastqs/2022/its/vBt12_S59_L001_R1_001.fastq.gz,forward,vBt12,its32,Bt,healthy,Net,NMax,vidalblanc,1.0,2.0,9/10/2022,6/14/2023,N710,S505,GP22_GSR,1.0,439.5,439.5,4.8,USA,Maryland,Queen Anne,Hemsley Fortune Lane,winery,Wick Dudley,38.997394,-76.134463
vBT12,49369.0,606.0,4991.0,3430.0,19652.0,6775.0,64.0,876.0,9.0,19.0,673.0,2233.0,13.0,0.0,830.0,207.0,0.0,0.0,7.0,0.0,0.0,0.0,0.0,7.0,4.0,0.0,586.0,0.0,10.0,0.0,6.0,0.0,354.0,0.0,0.0,0.0,51.0,0.0,0.0,0.0,0.0,0.0,0.0,0.0,0.0,0.0,0.0,0.0,0.0,0.0,0.0,0.0,177.0,0.0,0.0,0.0,0.0,0.0,0.0,0.0,0.0,0.0,0.0,0.0,0.0,0.0,0.0,0.0,28.0,0.0,60.0,0.0,0.0,0.0,0.0,0.0,0.0,0.0,2.0,0.0,0.0,0.0,0.0,0.0,0.0,0.0,0.0,0.0,0.0,0.0,0.0,0.0,0.0,/home/jblaise/scratch/gsr_raw_data/fastqs/2022/its/vBT12_S11_L001_R1_001.fastq.gz,forward,vBT12,its26,BT,healthy,Net,MMax,vidalblanc,1.0,2.0,9/10/2022,6/14/2023,N702,S505,GP22_GSR,1.0,574.9,574.9,3.6,USA,Maryland,Queen Anne,Hemsley Fortune Lane,winery,Wick Dudley,38.997394,-76.134463
vbt13,33904.0,177054.0,2754.0,992.0,1796.0,94.0,156.0,1841.0,533.0,253.0,350.0,610.0,18.0,15.0,100.0,766.0,500.0,1070.0,0.0,22.0,958.0,0.0,2141.0,0.0,608.0,216.0,241.0,667.0,0.0,1752.0,0.0,0.0,0.0,0.0,0.0,4.0,97.0,0.0,0.0,0.0,7.0,0.0,0.0,0.0,807.0,0.0,0.0,0.0,0.0,174.0,0.0,0.0,0.0,4.0,0.0,0.0,0.0,0.0,0.0,0.0,20.0,6.0,0.0,0.0,0.0,0.0,0.0,0.0,0.0,0.0,24.0,5.0,69.0,0.0,0.0,0.0,0.0,0.0,0.0,0.0,0.0,0.0,0.0,0.0,0.0,0.0,0.0,0.0,0.0,0.0,0.0,0.0,0.0,/home/jblaise/scratch/gsr_raw_data/fastqs/2022/its/vbt13_S91_L001_R1_001.fastq.gz,forward,vbt13,its36,bt,healthy,NNet,NMax,vidalblanc,1.0,3.0,9/10/2022,6/14/2023,N715,S505,GP22_GSR,1.0,675.3,441.0,4.8,USA,Maryland,Queen Anne,Hemsley Fortune Lane,winery,Wick Dudley,38.997394,-76.134463
vbT13,1656.0,186.0,1298.0,944.0,733.0,22.0,47.0,125.0,4.0,8.0,8.0,9.0,147.0,7.0,0.0,0.0,5.0,610.0,0.0,0.0,0.0,0.0,0.0,0.0,1518.0,0.0,0.0,0.0,0.0,0.0,6.0,0.0,0.0,0.0,0.0,0.0,0.0,0.0,0.0,0.0,0.0,0.0,0.0,0.0,0.0,0.0,0.0,0.0,0.0,0.0,0.0,0.0,0.0,0.0,0.0,0.0,0.0,0.0,0.0,0.0,1213.0,0.0,0.0,0.0,0.0,0.0,0.0,0.0,0.0,0.0,0.0,0.0,0.0,0.0,0.0,0.0,0.0,212.0,0.0,0.0,0.0,0.0,0.0,0.0,0.0,0.0,0.0,0.0,0.0,0.0,5.0,0.0,0.0,/home/jblaise/scratch/gsr_raw_data/fastqs/2022/its/vbT13_S43_L001_R1_001.fastq.gz,forward,vbT13,its30,bT,healthy,NNet,MMax,vidalblanc,1.0,3.0,9/10/2022,6/14/2023,N706,S505,GP22_GSR,1.0,486.9,486.9,4.3,USA,Maryland,Queen Anne,Hemsley Fortune Lane,winery,Wick Dudley,38.997394,-76.134463
vBt13,37166.0,3380.0,14546.0,236.0,3311.0,1098.0,211.0,1664.0,1079.0,5.0,1168.0,301.0,405.0,335.0,0.0,194.0,521.0,458.0,0.0,0.0,0.0,0.0,95.0,0.0,390.0,420.0,353.0,811.0,0.0,0.0,0.0,0.0,404.0,0.0,7.0,3.0,40.0,519.0,0.0,0.0,5.0,0.0,0.0,0.0,0.0,0.0,0.0,0.0,0.0,0.0,0.0,0.0,251.0,0.0,0.0,0.0,0.0,0.0,0.0,0.0,18.0,80.0,0.0,0.0,178.0,0.0,0.0,0.0,0.0,0.0,0.0,0.0,0.0,0.0,0.0,0.0,0.0,0.0,0.0,0.0,190.0,0.0,0.0,0.0,0.0,0.0,0.0,0.0,0.0,0.0,3.0,0.0,3.0,/home/jblaise/scratch/gsr_raw_data/fastqs/2022/its/vBt13_S67_L001_R1_001.fastq.gz,forward,vBt13,its33,Bt,healthy,Net,NMax,vidalblanc,1.0,3.0,9/10/2022,6/14/2023,N711,S505,GP22_GSR,1.0,462.4,462.4,4.5,USA,Maryland,Queen Anne,Hemsley Fortune Lane,winery,Wick Dudley,38.997394,-76.134463
vBT13,4756.0,211.0,3334.0,83.0,67.0,0.0,92.0,994.0,20.0,16.0,13.0,27.0,12.0,20.0,0.0,0.0,8.0,0.0,0.0,0.0,0.0,2.0,0.0,0.0,16.0,0.0,0.0,0.0,0.0,0.0,0.0,0.0,0.0,0.0,0.0,0.0,0.0,0.0,0.0,0.0,0.0,0.0,0.0,0.0,0.0,0.0,0.0,2160.0,0.0,0.0,0.0,0.0,0.0,0.0,0.0,0.0,0.0,0.0,0.0,0.0,0.0,5.0,834.0,0.0,0.0,0.0,0.0,0.0,0.0,0.0,0.0,0.0,0.0,0.0,0.0,0.0,0.0,0.0,0.0,0.0,0.0,0.0,0.0,0.0,0.0,0.0,0.0,0.0,0.0,0.0,0.0,0.0,0.0,/home/jblaise/scratch/gsr_raw_data/fastqs/2022/its/vBT13_S19_L001_R1_001.fastq.gz,forward,vBT13,its27,BT,healthy,Net,MMax,vidalblanc,1.0,3.0,9/10/2022,6/14/2023,N703,S505,GP22_GSR,1.0,571.4,571.4,3.7,USA,Maryland,Queen Anne,Hemsley Fortune Lane,winery,Wick Dudley,38.997394,-76.134463
vbt21,696.0,336.0,306.0,17.0,550.0,7.0,2.0,97.0,12.0,15.0,9.0,0.0,292.0,6.0,10.0,7.0,0.0,876.0,0.0,4.0,0.0,7.0,0.0,0.0,0.0,0.0,0.0,0.0,0.0,0.0,0.0,0.0,0.0,0.0,0.0,0.0,0.0,0.0,0.0,0.0,0.0,0.0,0.0,0.0,1612.0,0.0,0.0,0.0,0.0,0.0,0.0,0.0,0.0,0.0,0.0,0.0,0.0,0.0,0.0,0.0,0.0,0.0,94.0,0.0,0.0,0.0,0.0,0.0,0.0,0.0,0.0,0.0,0.0,0.0,0.0,0.0,2.0,0.0,0.0,0.0,0.0,0.0,0.0,0.0,0.0,0.0,0.0,0.0,0.0,0.0,0.0,0.0,0.0,/home/jblaise/scratch/gsr_raw_data/fastqs/2022/its/vbt21_S30_L001_R1_001.fastq.gz,forward,vbt21,its64,bt,healthy,NNet,NMax,vidalblanc,2.0,1.0,9/16/2022,6/14/2023,N704,S508,GP22_GSR,1.0,600.6,441.0,4.8,USA,Maryland,Queen Anne,Hemsley Fortune Lane,winery,Wick Dudley,38.997394,-76.134463
vbT21,110183.0,53.0,16271.0,350.0,47659.0,4951.0,0.0,2343.0,13.0,25.0,2022.0,772.0,0.0,5.0,0.0,0.0,0.0,0.0,7.0,0.0,0.0,16.0,4667.0,7.0,954.0,0.0,0.0,3.0,0.0,0.0,0.0,7.0,0.0,0.0,0.0,435.0,0.0,0.0,0.0,0.0,0.0,0.0,0.0,0.0,3.0,0.0,0.0,0.0,0.0,0.0,0.0,0.0,0.0,0.0,0.0,0.0,0.0,0.0,0.0,0.0,0.0,0.0,0.0,0.0,0.0,0.0,0.0,0.0,27.0,0.0,7.0,0.0,0.0,0.0,200.0,0.0,0.0,0.0,0.0,0.0,0.0,0.0,0.0,0.0,0.0,0.0,0.0,0.0,0.0,0.0,0.0,0.0,0.0,/home/jblaise/scratch/gsr_raw_data/fastqs/2022/its/vbT21_S77_L001_R1_001.fastq.gz,forward,vbT21,its58,bT,healthy,NNet,MMax,vidalblanc,2.0,1.0,9/16/2022,6/14/2023,N712,S507,GP22_GSR,1.0,495.2,495.2,4.2,USA,Maryland,Queen Anne,Hemsley Fortune Lane,winery,Wick Dudley,38.997394,-76.134463
vBt21,31872.0,49.0,15017.0,15611.0,1428.0,1323.0,0.0,5337.0,11154.0,29.0,3.0,1936.0,0.0,0.0,1920.0,0.0,1148.0,0.0,10.0,5.0,20.0,10.0,1977.0,0.0,4.0,5.0,0.0,0.0,0.0,0.0,0.0,0.0,0.0,0.0,0.0,0.0,0.0,0.0,2061.0,0.0,0.0,0.0,0.0,0.0,0.0,0.0,0.0,0.0,0.0,0.0,0.0,0.0,0.0,0.0,0.0,0.0,0.0,0.0,0.0,0.0,0.0,0.0,0.0,0.0,0.0,1228.0,0.0,0.0,0.0,0.0,0.0,0.0,0.0,0.0,0.0,0.0,0.0,0.0,0.0,0.0,0.0,0.0,0.0,0.0,0.0,0.0,0.0,0.0,0.0,62.0,7.0,0.0,0.0,/home/jblaise/scratch/gsr_raw_data/fastqs/2022/its/vBt21_S6_L001_R1_001.fastq.gz,forward,vBt21,its61,Bt,healthy,Net,NMax,vidalblanc,2.0,1.0,9/16/2022,6/14/2023,N701,S508,GP22_GSR,1.0,727.4,472.0,4.4,USA,Maryland,Queen Anne,Hemsley Fortune Lane,winery,Wick Dudley,38.997394,-76.134463
vBT21,28403.0,1536.0,8817.0,4817.0,7301.0,1244.0,6.0,2316.0,0.0,4342.0,6.0,0.0,4510.0,0.0,1156.0,4.0,631.0,7.0,0.0,0.0,0.0,0.0,0.0,6.0,0.0,0.0,0.0,0.0,0.0,0.0,0.0,0.0,0.0,0.0,0.0,0.0,794.0,0.0,0.0,0.0,0.0,0.0,0.0,0.0,0.0,0.0,0.0,0.0,0.0,0.0,0.0,0.0,0.0,0.0,0.0,0.0,0.0,0.0,0.0,0.0,11.0,0.0,0.0,0.0,0.0,0.0,0.0,0.0,0.0,0.0,0.0,0.0,0.0,0.0,0.0,0.0,0.0,0.0,0.0,0.0,0.0,0.0,0.0,0.0,0.0,0.0,0.0,0.0,0.0,0.0,0.0,0.0,0.0,/home/jblaise/scratch/gsr_raw_data/fastqs/2022/its/vBT21_S53_L001_R1_001.fastq.gz,forward,vBT21,its55,BT,healthy,Net,MMax,vidalblanc,2.0,1.0,9/16/2022,6/14/2023,N707,S507,GP22_GSR,1.0,595.2,595.2,3.5,USA,Maryland,Queen Anne,Hemsley Fortune Lane,winery,Wick Dudley,38.997394,-76.134463
vbt22,45942.0,13726.0,1569.0,4272.0,29286.0,6406.0,10.0,3074.0,1396.0,0.0,459.0,0.0,632.0,9.0,712.0,65.0,8.0,0.0,8.0,164.0,156.0,325.0,0.0,0.0,2.0,739.0,693.0,5.0,0.0,0.0,0.0,0.0,0.0,0.0,0.0,0.0,0.0,0.0,0.0,0.0,229.0,0.0,0.0,0.0,0.0,0.0,0.0,0.0,0.0,187.0,0.0,0.0,0.0,0.0,0.0,0.0,42.0,0.0,15.0,0.0,0.0,491.0,0.0,0.0,0.0,0.0,0.0,0.0,0.0,0.0,6.0,0.0,0.0,0.0,0.0,0.0,0.0,0.0,3.0,0.0,2.0,0.0,0.0,176.0,0.0,0.0,25.0,0.0,0.0,0.0,0.0,0.0,0.0,/home/jblaise/scratch/gsr_raw_data/fastqs/2022/its/vbt22_S38_L001_R1_001.fastq.gz,forward,vbt22,its65,bt,healthy,NNet,NMax,vidalblanc,2.0,2.0,9/16/2022,6/14/2023,N705,S508,GP22_GSR,1.0,548.5,548.5,3.8,USA,Maryland,Queen Anne,Hemsley Fortune Lane,winery,Wick Dudley,38.997394,-76.134463
vbT22,96588.0,3055.0,27555.0,14948.0,8682.0,2445.0,208.0,10606.0,4306.0,1655.0,689.0,598.0,23.0,3502.0,3343.0,0.0,688.0,196.0,251.0,0.0,0.0,310.0,566.0,0.0,2.0,110.0,848.0,0.0,0.0,0.0,0.0,4358.0,233.0,0.0,87.0,0.0,0.0,0.0,0.0,0.0,0.0,303.0,0.0,8.0,4.0,0.0,0.0,0.0,0.0,0.0,11.0,0.0,0.0,0.0,346.0,0.0,0.0,0.0,0.0,0.0,0.0,0.0,0.0,0.0,0.0,3.0,0.0,0.0,0.0,0.0,28.0,0.0,0.0,0.0,51.0,0.0,0.0,0.0,0.0,0.0,0.0,43.0,0.0,71.0,0.0,0.0,72.0,107.0,0.0,0.0,0.0,0.0,0.0,/home/jblaise/scratch/gsr_raw_data/fastqs/2022/its/vbT22_S85_L001_R1_001.fastq.gz,forward,vbT22,its59,bT,healthy,NNet,MMax,vidalblanc,2.0,2.0,9/16/2022,6/14/2023,N714,S507,GP22_GSR,1.0,554.5,554.5,3.8,USA,Maryland,Queen Anne,Hemsley Fortune Lane,winery,Wick Dudley,38.997394,-76.134463
vBt22,255.0,3148.0,69.0,11.0,49.0,8.0,0.0,0.0,10.0,26.0,0.0,3.0,0.0,3184.0,0.0,0.0,0.0,0.0,0.0,0.0,0.0,10.0,2435.0,0.0,0.0,0.0,0.0,3670.0,0.0,0.0,0.0,0.0,0.0,0.0,0.0,0.0,0.0,0.0,0.0,0.0,0.0,0.0,0.0,0.0,2113.0,0.0,0.0,0.0,0.0,0.0,0.0,0.0,0.0,0.0,0.0,0.0,0.0,0.0,0.0,0.0,0.0,0.0,0.0,0.0,0.0,0.0,0.0,0.0,0.0,0.0,0.0,0.0,0.0,0.0,0.0,0.0,0.0,0.0,0.0,0.0,0.0,0.0,0.0,0.0,0.0,0.0,0.0,0.0,0.0,0.0,0.0,0.0,0.0,/home/jblaise/scratch/gsr_raw_data/fastqs/2022/its/vBt22_S14_L001_R1_001.fastq.gz,forward,vBt22,its62,Bt,healthy,Net,NMax,vidalblanc,2.0,2.0,9/16/2022,6/14/2023,N702,S508,GP22_GSR,1.0,632.9,427.0,4.9,USA,Maryland,Queen Anne,Hemsley Fortune Lane,winery,Wick Dudley,38.997394,-76.134463
vBT22,10456.0,48.0,2882.0,1741.0,1436.0,208.0,34.0,1909.0,1149.0,21.0,0.0,566.0,1091.0,353.0,909.0,11.0,3.0,630.0,0.0,0.0,0.0,0.0,2516.0,7.0,0.0,0.0,283.0,0.0,2.0,0.0,0.0,0.0,0.0,0.0,0.0,0.0,0.0,0.0,0.0,0.0,0.0,0.0,0.0,3.0,0.0,0.0,0.0,0.0,0.0,0.0,0.0,0.0,0.0,0.0,0.0,0.0,0.0,742.0,0.0,0.0,0.0,2.0,0.0,0.0,0.0,0.0,0.0,0.0,0.0,0.0,0.0,0.0,0.0,0.0,0.0,0.0,0.0,0.0,0.0,0.0,0.0,0.0,0.0,0.0,0.0,0.0,0.0,0.0,0.0,0.0,0.0,0.0,0.0,/home/jblaise/scratch/gsr_raw_data/fastqs/2022/its/vBT22_S61_L001_R1_001.fastq.gz,forward,vBT22,its56,BT,healthy,Net,MMax,vidalblanc,2.0,2.0,9/16/2022,6/14/2023,N710,S507,GP22_GSR,1.0,473.4,473.4,4.4,USA,Maryland,Queen Anne,Hemsley Fortune Lane,winery,Wick Dudley,38.997394,-76.134463
vbt23,29635.0,220.0,4335.0,34.0,3319.0,5576.0,4.0,2494.0,7.0,7.0,15.0,1237.0,0.0,14.0,0.0,0.0,0.0,0.0,11854.0,0.0,0.0,3.0,0.0,6.0,0.0,388.0,0.0,0.0,0.0,0.0,0.0,0.0,0.0,0.0,0.0,0.0,0.0,0.0,0.0,0.0,0.0,0.0,0.0,0.0,0.0,0.0,0.0,0.0,0.0,0.0,0.0,0.0,0.0,0.0,0.0,0.0,0.0,0.0,0.0,0.0,0.0,0.0,0.0,0.0,0.0,0.0,0.0,0.0,49.0,0.0,0.0,0.0,0.0,0.0,0.0,0.0,0.0,0.0,0.0,0.0,0.0,0.0,0.0,0.0,0.0,0.0,0.0,0.0,0.0,0.0,9.0,0.0,0.0,/home/jblaise/scratch/gsr_raw_data/fastqs/2022/its/vbt23_S46_L001_R1_001.fastq.gz,forward,vbt23,its66,bt,healthy,NNet,NMax,vidalblanc,2.0,3.0,9/16/2022,6/14/2023,N706,S508,GP22_GSR,1.0,472.1,472.1,4.4,USA,Maryland,Queen Anne,Hemsley Fortune Lane,winery,Wick Dudley,38.997394,-76.134463
vbT23,49451.0,62433.0,11117.0,3724.0,7268.0,6622.0,400.0,2707.0,14.0,1247.0,724.0,693.0,7.0,582.0,246.0,456.0,0.0,596.0,0.0,0.0,0.0,7.0,0.0,0.0,0.0,851.0,0.0,5.0,0.0,0.0,0.0,653.0,0.0,96.0,0.0,0.0,206.0,0.0,719.0,0.0,0.0,0.0,0.0,291.0,2.0,0.0,0.0,0.0,0.0,0.0,0.0,0.0,460.0,0.0,0.0,0.0,0.0,0.0,0.0,0.0,0.0,0.0,0.0,0.0,0.0,0.0,0.0,0.0,0.0,0.0,60.0,0.0,0.0,0.0,0.0,0.0,0.0,0.0,0.0,0.0,0.0,0.0,316.0,0.0,0.0,0.0,0.0,0.0,0.0,0.0,0.0,0.0,0.0,/home/jblaise/scratch/gsr_raw_data/fastqs/2022/its/vbT23_S93_L001_R1_001.fastq.gz,forward,vbT23,its60,bT,healthy,NNet,MMax,vidalblanc,2.0,3.0,9/16/2022,6/14/2023,N715,S507,GP22_GSR,1.0,685.7,520.0,4.0,USA,Maryland,Queen Anne,Hemsley Fortune Lane,winery,Wick Dudley,38.997394,-76.134463
vBt23,54902.0,1266.0,40822.0,818.0,38514.0,4633.0,10.0,8897.0,14.0,29835.0,2221.0,879.0,5.0,0.0,1170.0,1068.0,0.0,2567.0,1581.0,0.0,0.0,13732.0,9.0,0.0,4.0,496.0,747.0,0.0,0.0,0.0,0.0,6.0,955.0,0.0,0.0,0.0,0.0,0.0,0.0,0.0,0.0,0.0,0.0,0.0,0.0,0.0,0.0,0.0,0.0,0.0,0.0,0.0,0.0,0.0,0.0,0.0,0.0,0.0,0.0,246.0,13.0,2.0,367.0,0.0,0.0,0.0,0.0,0.0,0.0,0.0,51.0,0.0,0.0,0.0,0.0,0.0,594.0,0.0,0.0,0.0,0.0,0.0,0.0,0.0,0.0,0.0,0.0,0.0,0.0,0.0,0.0,0.0,0.0,/home/jblaise/scratch/gsr_raw_data/fastqs/2022/its/vBt23_S22_L001_R1_001.fastq.gz,forward,vBt23,its63,Bt,healthy,Net,NMax,vidalblanc,2.0,3.0,9/16/2022,6/14/2023,N703,S508,GP22_GSR,1.0,609.7,539.0,3.9,USA,Maryland,Queen Anne,Hemsley Fortune Lane,winery,Wick Dudley,38.997394,-76.134463
vBT23,1770.0,2933.0,634.0,45.0,70.0,12.0,0.0,0.0,0.0,19.0,0.0,0.0,0.0,7.0,0.0,0.0,0.0,0.0,0.0,0.0,0.0,9.0,232.0,0.0,0.0,0.0,0.0,0.0,0.0,0.0,0.0,0.0,0.0,0.0,0.0,0.0,0.0,0.0,0.0,0.0,0.0,0.0,0.0,0.0,0.0,0.0,0.0,0.0,0.0,0.0,0.0,0.0,0.0,0.0,0.0,0.0,0.0,0.0,0.0,0.0,0.0,0.0,0.0,0.0,0.0,0.0,0.0,0.0,0.0,0.0,0.0,0.0,0.0,0.0,0.0,0.0,0.0,0.0,0.0,0.0,0.0,0.0,0.0,0.0,0.0,0.0,0.0,0.0,0.0,0.0,0.0,0.0,0.0,/home/jblaise/scratch/gsr_raw_data/fastqs/2022/its/vBT23_S69_L001_R1_001.fastq.gz,forward,vBT23,its57,BT,healthy,Net,MMax,vidalblanc,2.0,3.0,9/16/2022,6/14/2023,N711,S507,GP22_GSR,1.0,456.2,456.2,4.6,USA,Maryland,Queen Anne,Hemsley Fortune Lane,winery,Wick Dudley,38.997394,-76.134463
vbt31,4744.0,6378.0,6125.0,20.0,48.0,3468.0,466.0,199.0,13.0,6.0,8.0,0.0,7.0,10.0,0.0,0.0,4.0,10.0,0.0,0.0,0.0,6.0,2.0,0.0,0.0,0.0,0.0,0.0,0.0,0.0,0.0,0.0,0.0,0.0,0.0,0.0,0.0,0.0,0.0,0.0,0.0,0.0,0.0,0.0,0.0,0.0,0.0,0.0,0.0,0.0,0.0,0.0,0.0,0.0,0.0,0.0,0.0,0.0,0.0,0.0,0.0,0.0,0.0,2.0,0.0,0.0,0.0,0.0,0.0,0.0,0.0,0.0,0.0,2.0,0.0,0.0,0.0,0.0,0.0,0.0,0.0,0.0,0.0,0.0,0.0,0.0,0.0,0.0,0.0,0.0,0.0,0.0,0.0,/home/jblaise/scratch/gsr_raw_data/fastqs/2022/its/vbt31_S80_L001_R1_001.fastq.gz,forward,vbt31,its94,bt,healthy,NNet,NMax,vidalblanc,3.0,1.0,10/7/2022,6/14/2023,N712,S511,GP22_GSR,1.0,1239.9,552.0,3.8,USA,Maryland,Queen Anne,Hemsley Fortune Lane,winery,Wick Dudley,38.997394,-76.134463
vbT31,196.0,11.0,1010.0,24.0,16.0,19.0,7.0,32.0,13.0,0.0,10.0,268.0,5.0,11.0,0.0,262.0,0.0,0.0,0.0,0.0,0.0,0.0,0.0,0.0,0.0,0.0,0.0,0.0,2.0,0.0,0.0,0.0,0.0,0.0,0.0,0.0,0.0,0.0,0.0,0.0,0.0,0.0,0.0,0.0,4.0,0.0,0.0,0.0,0.0,0.0,0.0,0.0,0.0,0.0,0.0,0.0,0.0,0.0,0.0,0.0,0.0,0.0,0.0,0.0,0.0,0.0,0.0,0.0,0.0,0.0,0.0,0.0,0.0,0.0,0.0,0.0,0.0,0.0,0.0,0.0,0.0,0.0,0.0,0.0,0.0,36.0,0.0,0.0,0.0,0.0,0.0,0.0,0.0,/home/jblaise/scratch/gsr_raw_data/fastqs/2022/its/vbT31_S32_L001_R1_001.fastq.gz,forward,vbT31,its88,bT,healthy,NNet,MMax,vidalblanc,3.0,1.0,10/7/2022,6/14/2023,N704,S511,GP22_GSR,1.0,1180.4,472.0,4.4,USA,Maryland,Queen Anne,Hemsley Fortune Lane,winery,Wick Dudley,38.997394,-76.134463
vBt31,89357.0,15628.0,20040.0,6245.0,21474.0,4226.0,12.0,9908.0,2798.0,483.0,1460.0,287.0,273.0,882.0,718.0,0.0,1460.0,4270.0,0.0,11.0,170.0,294.0,503.0,0.0,507.0,281.0,1692.0,0.0,0.0,0.0,0.0,4.0,0.0,0.0,0.0,0.0,0.0,0.0,0.0,0.0,0.0,0.0,0.0,0.0,0.0,0.0,0.0,0.0,0.0,0.0,0.0,0.0,0.0,0.0,0.0,0.0,0.0,0.0,0.0,0.0,0.0,4.0,0.0,0.0,0.0,0.0,0.0,0.0,0.0,0.0,21.0,0.0,0.0,169.0,29.0,0.0,0.0,0.0,0.0,0.0,0.0,0.0,0.0,0.0,0.0,0.0,0.0,0.0,0.0,0.0,0.0,0.0,0.0,/home/jblaise/scratch/gsr_raw_data/fastqs/2022/its/vBt31_S56_L001_R1_001.fastq.gz,forward,vBt31,its91,Bt,healthy,Net,NMax,vidalblanc,3.0,1.0,10/7/2022,6/14/2023,N707,S511,GP22_GSR,1.0,1004.2,480.0,4.4,USA,Maryland,Queen Anne,Hemsley Fortune Lane,winery,Wick Dudley,38.997394,-76.134463
vBT31,12329.0,25.0,0.0,44.0,79.0,54.0,0.0,137.0,9.0,0.0,8.0,0.0,0.0,7.0,0.0,0.0,0.0,0.0,0.0,0.0,12.0,0.0,0.0,0.0,0.0,5.0,0.0,0.0,0.0,0.0,0.0,0.0,0.0,0.0,0.0,0.0,0.0,0.0,0.0,0.0,0.0,0.0,0.0,0.0,0.0,0.0,0.0,0.0,0.0,0.0,0.0,0.0,0.0,0.0,0.0,0.0,0.0,0.0,0.0,0.0,0.0,0.0,0.0,0.0,0.0,0.0,0.0,0.0,0.0,0.0,0.0,0.0,0.0,0.0,0.0,0.0,0.0,0.0,0.0,0.0,0.0,0.0,0.0,0.0,0.0,0.0,0.0,0.0,0.0,0.0,4.0,0.0,0.0,/home/jblaise/scratch/gsr_raw_data/fastqs/2022/its/vBT31_S8_L001_R1_001.fastq.gz,forward,vBT31,its85,BT,healthy,Net,MMax,vidalblanc,3.0,1.0,10/7/2022,6/14/2023,N701,S511,GP22_GSR,1.0,1216.8,467.0,4.5,USA,Maryland,Queen Anne,Hemsley Fortune Lane,winery,Wick Dudley,38.997394,-76.134463
vbt32,14420.0,3657.0,8226.0,3640.0,10697.0,12411.0,5.0,693.0,17.0,24.0,18.0,19.0,353.0,19.0,0.0,0.0,0.0,13.0,0.0,12.0,0.0,9.0,0.0,0.0,6.0,0.0,0.0,0.0,0.0,0.0,0.0,0.0,0.0,0.0,0.0,0.0,0.0,0.0,0.0,0.0,0.0,0.0,0.0,0.0,0.0,0.0,0.0,0.0,0.0,0.0,0.0,0.0,0.0,0.0,0.0,0.0,0.0,0.0,0.0,0.0,7.0,0.0,0.0,0.0,0.0,0.0,0.0,0.0,0.0,0.0,7.0,0.0,0.0,0.0,0.0,0.0,0.0,0.0,0.0,0.0,0.0,0.0,0.0,0.0,0.0,0.0,0.0,0.0,0.0,0.0,8.0,0.0,0.0,/home/jblaise/scratch/gsr_raw_data/fastqs/2022/its/vbt32_S88_L001_R1_001.fastq.gz,forward,vbt32,its95,bt,healthy,NNet,NMax,vidalblanc,3.0,2.0,10/7/2022,6/14/2023,N714,S511,GP22_GSR,1.0,1305.9,526.0,4.0,USA,Maryland,Queen Anne,Hemsley Fortune Lane,winery,Wick Dudley,38.997394,-76.134463
vbT32,520.0,165.0,64.0,36.0,77.0,23.0,15.0,42.0,19.0,0.0,10.0,16.0,5.0,7.0,9.0,0.0,4.0,10.0,0.0,0.0,0.0,0.0,0.0,0.0,5.0,0.0,0.0,0.0,0.0,0.0,0.0,0.0,0.0,0.0,0.0,0.0,0.0,0.0,0.0,0.0,0.0,0.0,0.0,0.0,0.0,0.0,0.0,0.0,0.0,0.0,0.0,0.0,0.0,0.0,30.0,0.0,0.0,0.0,0.0,0.0,0.0,0.0,0.0,0.0,0.0,0.0,0.0,0.0,0.0,0.0,0.0,0.0,0.0,0.0,0.0,0.0,0.0,0.0,0.0,0.0,0.0,0.0,0.0,0.0,0.0,0.0,0.0,0.0,0.0,0.0,0.0,0.0,0.0,/home/jblaise/scratch/gsr_raw_data/fastqs/2022/its/vbT32_S40_L001_R1_001.fastq.gz,forward,vbT32,its89,bT,healthy,NNet,MMax,vidalblanc,3.0,2.0,10/7/2022,6/14/2023,N705,S511,GP22_GSR,1.0,1217.0,538.0,3.9,USA,Maryland,Queen Anne,Hemsley Fortune Lane,winery,Wick Dudley,38.997394,-76.134463
vBt32,39501.0,8826.0,16816.0,3453.0,50637.0,27838.0,59.0,3506.0,665.0,0.0,1009.0,6096.0,12.0,23.0,0.0,252.0,0.0,282.0,418.0,0.0,0.0,0.0,577.0,0.0,0.0,640.0,1545.0,0.0,0.0,0.0,0.0,0.0,0.0,0.0,0.0,0.0,0.0,433.0,0.0,0.0,0.0,0.0,0.0,240.0,0.0,0.0,0.0,0.0,0.0,0.0,0.0,0.0,0.0,0.0,0.0,0.0,0.0,0.0,0.0,0.0,0.0,0.0,0.0,0.0,0.0,0.0,0.0,0.0,0.0,0.0,87.0,0.0,0.0,0.0,0.0,0.0,0.0,0.0,0.0,0.0,0.0,156.0,0.0,0.0,0.0,0.0,0.0,0.0,0.0,0.0,0.0,0.0,0.0,/home/jblaise/scratch/gsr_raw_data/fastqs/2022/its/vBt32_S64_L001_R1_001.fastq.gz,forward,vBt32,its92,Bt,healthy,Net,NMax,vidalblanc,3.0,2.0,10/7/2022,6/14/2023,N710,S511,GP22_GSR,1.0,1020.1,523.0,4.0,USA,Maryland,Queen Anne,Hemsley Fortune Lane,winery,Wick Dudley,38.997394,-76.134463
vBT32,58987.0,152.0,2313.0,5518.0,2111.0,17.0,13.0,6771.0,8852.0,0.0,9.0,112.0,0.0,6.0,0.0,0.0,2218.0,0.0,0.0,0.0,0.0,0.0,4.0,0.0,4.0,3577.0,0.0,3574.0,0.0,0.0,0.0,0.0,0.0,0.0,0.0,0.0,0.0,0.0,0.0,0.0,0.0,0.0,2538.0,0.0,0.0,0.0,0.0,0.0,0.0,0.0,0.0,0.0,0.0,0.0,0.0,0.0,0.0,0.0,0.0,0.0,0.0,16.0,282.0,1347.0,0.0,0.0,0.0,0.0,0.0,0.0,0.0,0.0,0.0,0.0,0.0,0.0,0.0,0.0,0.0,0.0,0.0,0.0,0.0,0.0,0.0,0.0,0.0,0.0,0.0,0.0,12.0,0.0,0.0,/home/jblaise/scratch/gsr_raw_data/fastqs/2022/its/vBT32_S16_L001_R1_001.fastq.gz,forward,vBT32,its86,BT,healthy,Net,MMax,vidalblanc,3.0,2.0,10/7/2022,6/14/2023,N702,S511,GP22_GSR,1.0,1231.9,536.0,3.9,USA,Maryland,Queen Anne,Hemsley Fortune Lane,winery,Wick Dudley,38.997394,-76.134463
vbt33,83738.0,26843.0,29088.0,8394.0,5969.0,3165.0,1175.0,10983.0,17864.0,2069.0,12155.0,1092.0,7976.0,9303.0,2526.0,1361.0,916.0,4109.0,255.0,9024.0,270.0,2613.0,0.0,0.0,0.0,299.0,0.0,0.0,0.0,728.0,28.0,0.0,0.0,0.0,715.0,0.0,0.0,0.0,0.0,0.0,0.0,0.0,0.0,0.0,0.0,0.0,0.0,0.0,0.0,0.0,0.0,598.0,0.0,0.0,0.0,0.0,142.0,0.0,0.0,0.0,0.0,14.0,696.0,0.0,820.0,0.0,0.0,0.0,0.0,0.0,77.0,0.0,341.0,0.0,0.0,0.0,0.0,0.0,0.0,0.0,0.0,0.0,0.0,0.0,0.0,124.0,0.0,0.0,0.0,0.0,0.0,0.0,0.0,/home/jblaise/scratch/gsr_raw_data/fastqs/2022/its/vbt33_S96_L001_R1_001.fastq.gz,forward,vbt33,its96,bt,healthy,NNet,NMax,vidalblanc,3.0,3.0,10/7/2022,6/14/2023,N715,S511,GP22_GSR,1.0,1259.7,519.0,4.0,USA,Maryland,Queen Anne,Hemsley Fortune Lane,winery,Wick Dudley,38.997394,-76.134463
vbT33,589.0,71.0,619.0,26.0,126.0,56.0,9.0,61.0,26.0,6.0,18.0,13.0,9.0,15.0,0.0,5.0,4.0,12.0,6.0,8.0,0.0,0.0,0.0,6.0,0.0,0.0,0.0,0.0,0.0,0.0,0.0,0.0,0.0,0.0,0.0,0.0,0.0,0.0,0.0,0.0,0.0,0.0,0.0,0.0,0.0,0.0,0.0,0.0,0.0,0.0,0.0,0.0,0.0,0.0,0.0,0.0,0.0,0.0,0.0,0.0,0.0,0.0,0.0,0.0,0.0,0.0,0.0,0.0,35.0,0.0,0.0,0.0,0.0,0.0,0.0,0.0,0.0,0.0,0.0,0.0,0.0,0.0,0.0,0.0,0.0,0.0,0.0,0.0,0.0,0.0,0.0,0.0,0.0,/home/jblaise/scratch/gsr_raw_data/fastqs/2022/its/vbT33_S48_L001_R1_001.fastq.gz,forward,vbT33,its90,bT,healthy,NNet,MMax,vidalblanc,3.0,3.0,10/7/2022,6/14/2023,N706,S511,GP22_GSR,1.0,1143.4,528.0,4.0,USA,Maryland,Queen Anne,Hemsley Fortune Lane,winery,Wick Dudley,38.997394,-76.134463
vBt33,966.0,76.0,128.0,39.0,1137.0,60.0,3668.0,60.0,18.0,0.0,16.0,15.0,6.0,8.0,0.0,0.0,6.0,1332.0,0.0,9.0,20.0,0.0,0.0,0.0,1211.0,0.0,4.0,0.0,0.0,0.0,0.0,0.0,0.0,0.0,0.0,0.0,0.0,0.0,0.0,0.0,0.0,0.0,0.0,0.0,0.0,0.0,0.0,0.0,0.0,0.0,0.0,0.0,0.0,0.0,0.0,0.0,0.0,0.0,0.0,0.0,0.0,0.0,0.0,0.0,0.0,0.0,0.0,0.0,0.0,0.0,0.0,0.0,0.0,0.0,0.0,0.0,0.0,0.0,0.0,0.0,0.0,0.0,0.0,0.0,0.0,0.0,0.0,0.0,0.0,0.0,0.0,0.0,0.0,/home/jblaise/scratch/gsr_raw_data/fastqs/2022/its/vBt33_S72_L001_R1_001.fastq.gz,forward,vBt33,its93,Bt,healthy,Net,NMax,vidalblanc,3.0,3.0,10/7/2022,6/14/2023,N711,S511,GP22_GSR,1.0,1091.7,460.0,4.6,USA,Maryland,Queen Anne,Hemsley Fortune Lane,winery,Wick Dudley,38.997394,-76.134463
vBT33,9781.0,23.0,188.0,33.0,1717.0,40.0,0.0,46.0,8.0,21.0,11.0,7.0,0.0,10.0,0.0,0.0,4.0,1735.0,0.0,4.0,0.0,0.0,1421.0,0.0,0.0,0.0,0.0,0.0,0.0,0.0,0.0,0.0,0.0,0.0,0.0,0.0,0.0,0.0,0.0,0.0,0.0,0.0,0.0,0.0,0.0,0.0,0.0,0.0,0.0,0.0,0.0,0.0,0.0,0.0,0.0,0.0,0.0,0.0,0.0,0.0,17.0,0.0,0.0,0.0,0.0,0.0,0.0,0.0,0.0,0.0,0.0,0.0,0.0,0.0,0.0,0.0,0.0,0.0,0.0,0.0,0.0,0.0,0.0,0.0,0.0,0.0,0.0,0.0,0.0,91.0,0.0,0.0,0.0,/home/jblaise/scratch/gsr_raw_data/fastqs/2022/its/vBT33_S24_L001_R1_001.fastq.gz,forward,vBT33,its87,BT,healthy,Net,MMax,vidalblanc,3.0,3.0,10/7/2022,6/14/2023,N703,S511,GP22_GSR,1.0,1156.7,518.0,4.0,USA,Maryland,Queen Anne,Hemsley Fortune Lane,winery,Wick Dudley,38.997394,-76.134463
