Feature ID	Taxon	Confidence
3e8cf843ae1e99d8a13f65659dcc103d	k__Fungi;p__Ascomycota;c__Dothideomycetes;o__Capnodiales;f__Cladosporiaceae;g__Cladosporium;s__Cladosporium_sp	0.9680702620933757
b7d56027f65de48259ecde66b95a2247	k__Fungi;p__Ascomycota;c__Dothideomycetes;o__Pleosporales;f__Pleosporaceae;g__Alternaria	0.9992784965574404
5f040911891ce65eac230f4afd2ede1c	k__Fungi;p__Ascomycota;c__Dothideomycetes;o__Pleosporales;f__Didymellaceae;g__Pseudopeyronellaea;s__Pseudopeyronellaea_eucalypti	0.9995805959932257
722bb1dea751bf6f51a025823c04d3c7	k__Fungi;p__Ascomycota;c__Dothideomycetes;o__Pleosporales;f__Didymellaceae;g__Pseudopeyronellaea;s__Pseudopeyronellaea_eucalypti	0.9992259478610149
bf32eb40a4f3a0e5b6ebd0c79ab04088	k__Fungi;p__Ascomycota;c__Sordariomycetes;o__Amphisphaeriales;f__Pestalotiopsidaceae;g__Neopestalotiopsis;s__Neopestalotiopsis_foedans	0.9166498521926119
e5ccbf680ea6f8a1222f07aca0eba7e6	k__Fungi;p__Ascomycota;c__Dothideomycetes;o__Pleosporales;f__Didymellaceae;g__Pseudopeyronellaea;s__Pseudopeyronellaea_eucalypti	0.9929638442773718
43b98bd64399048071e3262527a2d848	k__Fungi;p__Ascomycota;c__Sordariomycetes;o__Trichosphaeriales;f__Trichosphaeriaceae;g__Nigrospora;s__Nigrospora_oryzae	0.9906366575763605
8bc5cedaf9ad22079902a49f0e352b81	k__Fungi;p__Basidiomycota;c__Tremellomycetes;o__Tremellales;f__Cryptococcaceae;g__Cryptococcus;s__Cryptococcus_aureus	0.9008003428068243
2d5251a78c6c7ae7b294306b0e9aa102	k__Fungi;p__Basidiomycota;c__Tremellomycetes;o__Filobasidiales;f__Filobasidiaceae;g__Filobasidium;s__Filobasidium_sp	0.9978894006301824
dda50efef39d6484bcad2ff2edc2242a	k__Fungi;p__Basidiomycota;c__Wallemiomycetes;o__Wallemiales;f__Wallemiaceae;g__Wallemia;s__Wallemia_muriae	0.999930720067632
e45d7d07aa26ba280ff1aae3812448d8	k__Fungi;p__Ascomycota;c__Sordariomycetes;o__Hypocreales;f__Nectriaceae;g__Gibberella;s__Gibberella_avenacea	0.9947471284493488
b3be8c83c5738a35cd66713a96247766	k__Fungi;p__Ascomycota;c__Dothideomycetes;o__Pleosporales;f__Didymellaceae;g__Pseudopeyronellaea;s__Pseudopeyronellaea_eucalypti	0.9993047692964911
90ecc1d9577ee5fba30cc75365252b98	k__Fungi;p__Basidiomycota;c__Tremellomycetes;o__Tremellales;f__Bulleraceae;g__Bullera;s__Bullera_alba	0.8279917890727435
421a1900b2efe29f03bcb5ad6480dac7	k__Fungi;p__Ascomycota;c__Dothideomycetes;o__Capnodiales;f__Cladosporiaceae;g__Cladosporium;s__Cladosporium_herbarum	0.9917249117873597
d3c401280b1aca324ab8fc07f31f2e2f	k__Fungi;p__Ascomycota;c__Sordariomycetes;o__Hypocreales;f__Hypocreales_fam_Incertae_sedis;g__Sarocladium;s__Sarocladium_strictum	0.9993938783739613
98f17029343f28b6284212e911f795ec	k__Fungi;p__Basidiomycota;c__Tremellomycetes;o__Tremellales;f__Bulleribasidiaceae;g__Vishniacozyma;s__Vishniacozyma_heimaeyensis	0.9999994148320759
deb633bfed9a47963d3f6dc641a6b60e	k__Fungi;p__Basidiomycota;c__Cystobasidiomycetes;o__Cystobasidiomycetes_ord_Incertae_sedis;f__Symmetrosporaceae;g__Symmetrospora	0.9987118660554555
92a451cecb95db1c886389aeb7e2c969	k__Fungi;p__Ascomycota;c__Sordariomycetes;o__Hypocreales;f__Hypocreales_fam_Incertae_sedis;g__Sarocladium;s__Sarocladium_implicatum	0.9983349631994616
a0db35b1dd3032725bdc5186f754ca8f	k__Fungi;p__Basidiomycota;c__Microbotryomycetes;o__Sporidiobolales;f__Sporidiobolaceae;g__Sporobolomyces;s__Sporobolomyces_ruberrimus	0.9993827776870529
b0cd326f50bcf962528e21bb0bd7482e	k__Fungi;p__Basidiomycota;c__Microbotryomycetes;o__Sporidiobolales;f__Sporidiobolaceae;g__Sporobolomyces;s__Sporobolomyces_ruberrimus	0.9993697765013314
aadab6db90d20546c2f2b44fed40780a	k__Fungi;p__Basidiomycota;c__Tremellomycetes;o__Tremellales;f__Rhynchogastremataceae;g__Papiliotrema;s__Papiliotrema_fusca	0.9953495252786873
2ee89f3a4b766d6fdb1fa71e557c0d18	k__Fungi;p__Ascomycota;c__Sordariomycetes;o__Hypocreales;f__Nectriaceae	0.9999993669029819
708d7bae32bb2379f426e9e87ca9b025	k__Fungi;p__Ascomycota	0.9466801481647708
b73836bf8e1f6200aae0f6da21d9d07b	k__Fungi;p__Ascomycota;c__Dothideomycetes;o__Pleosporales;f__Didymellaceae;g__Pseudopeyronellaea;s__Pseudopeyronellaea_eucalypti	0.9958283369092683
bfc98c7f23810c70beda5d2ba88c7680	k__Fungi;p__Ascomycota;c__Dothideomycetes;o__Mycosphaerellales;f__Mycosphaerellaceae;g__Cercospora;s__Cercospora_coniogrammes	0.9999815575731384
d27255fc90ca982519f2852eaacfb9e6	k__Fungi;p__Basidiomycota;c__Tremellomycetes;o__Tremellales;f__Cryptococcaceae;g__Cryptococcus;s__Cryptococcus_sp	0.8492189333473031
483229d0bd10d4d8bc0cd2357173bb20	k__Fungi;p__Basidiomycota;c__Tremellomycetes;o__Tremellales;f__Bulleribasidiaceae;g__Vishniacozyma;s__Vishniacozyma_heimaeyensis	0.9999998411100093
2affe9fa3585bd596a129f80019927ce	k__Fungi;p__Basidiomycota;c__Tremellomycetes;o__Filobasidiales;f__Filobasidiaceae;g__Naganishia;s__Naganishia_globosa	0.7208143462889882
8dd904212caed13485082a567f97d2eb	k__Fungi;p__Ascomycota;c__Leotiomycetes;o__Helotiales;f__Sclerotiniaceae;g__Sclerotinia;s__Sclerotinia_sclerotiorum	0.951463709390108
6703415c55d34924cd573062588e59f3	k__Fungi;p__Ascomycota;c__Sordariomycetes;o__Trichosphaeriales;f__Trichosphaeriaceae;g__Nigrospora;s__Nigrospora_oryzae	0.9913211242258452
dd3fa9e575c4bc7df44c416dee7a07fd	k__Fungi;p__Ascomycota;c__Dothideomycetes;o__Capnodiales;f__Dissoconiaceae;g__Uwebraunia;s__Uwebraunia_musae	0.9999984985259874
fa1c4879e27ef3bffff4dd375acaee89	k__Fungi;p__Basidiomycota;c__Tremellomycetes;o__Tremellales;f__Rhynchogastremataceae;g__Papiliotrema;s__Papiliotrema_pseudoalba	0.9943866871355264
b4bdd73d9b98551d4f681a35ab811447	k__Fungi;p__Ascomycota;c__Leotiomycetes;o__Helotiales;f__Sclerotiniaceae;g__Botrytis;s__Botrytis_caroliniana	0.8729720810863599
a4d07f79dc6c362e1202f091d359ce94	k__Fungi;p__Basidiomycota;c__Tremellomycetes;o__Tremellales;f__Rhynchogastremataceae;g__Papiliotrema;s__Papiliotrema_terrestris	0.8019597469175217
d2dffdd1b0582ccfeab2e566646b60d6	k__Fungi;p__Basidiomycota;c__Microbotryomycetes;o__Sporidiobolales;f__Sporidiobolaceae;g__Rhodotorula;s__Rhodotorula_graminis	0.7040655205786917
1bd0608c490f5c004726aa77c1e594bd	k__Fungi;p__Ascomycota;c__Sordariomycetes;o__Trichosphaeriales;f__Trichosphaeriaceae;g__Nigrospora;s__Nigrospora_oryzae	0.9719709011940597
4fa2b83b2e0ef234cd62d855553b533b	k__Fungi;p__Basidiomycota;c__Microbotryomycetes;o__Sporidiobolales;f__Sporidiobolaceae;g__Sporobolomyces;s__Sporobolomyces_ruberrimus	0.9991480414540391
f0b8a2b4b24be706ac5bc6bdd4b89578	k__Fungi	1.0000000000000036
4051dc1896ee60d62d7deb1a4f02028b	k__Fungi;p__Ascomycota;c__Saccharomycetes;o__Saccharomycetales;f__Dipodascaceae	0.9943592327926657
ee4e72b8108d5958b1c685822fe97e52	k__Fungi;p__Ascomycota	0.8728017420943194
1b9d5bcfd16519553607c4d27da4d952	k__Fungi;p__Ascomycota;c__Eurotiomycetes;o__Eurotiales;f__Aspergillaceae;g__Aspergillus	0.8099742403680543
18e86beed3eccfd956e8508bf14e13c1	k__Fungi;p__Basidiomycota;c__Microbotryomycetes;o__Sporidiobolales;f__Sporidiobolaceae;g__Sporobolomyces;s__Sporobolomyces_ruberrimus	0.9991575608193921
292c604f530b6210f9c6a9c22c373705	k__Fungi;p__Ascomycota;c__Sordariomycetes;o__Sordariales;f__Cephalothecaceae;g__Phialemonium;s__Phialemonium_atrogriseum	0.9999999986847143
67c818f60ca9a6047f8b34348492b095	k__Fungi;p__Ascomycota;c__Sordariomycetes;o__Hypocreales;f__Hypocreales_fam_Incertae_sedis;g__Acremonium;s__Acremonium_sclerotigenum	0.8955167661760164
ab0b0c0813324b3f907886b708c20b68	k__Fungi;p__Basidiomycota;c__Tremellomycetes;o__Filobasidiales;f__Filobasidiaceae;g__Naganishia;s__Naganishia_globosa	0.8442535617933923
54cfb12a112b2eb65be247aefc714339	k__Fungi;p__Basidiomycota;c__Tremellomycetes;o__Tremellales;f__Bulleribasidiaceae;g__Vishniacozyma;s__Vishniacozyma_victoriae	0.9998628126348532
64b269f4895cfca23c8f9a0239b17ce2	k__Fungi;p__Basidiomycota;c__Microbotryomycetes;o__Sporidiobolales;f__Sporidiobolaceae;g__Sporobolomyces;s__Sporobolomyces_ruberrimus	0.9995947363548866
e9fc146831fea018420bae3f553e787a	k__Fungi;p__Ascomycota;c__Saccharomycetes;o__Saccharomycetales;f__Dipodascaceae	0.9968791011198836
b37c2e20139ae12053886c2cb8805de8	k__Fungi;p__Ascomycota;c__Sordariomycetes;o__Trichosphaeriales;f__Trichosphaeriaceae;g__Nigrospora;s__Nigrospora_oryzae	0.9773067782603162
f08d429f583ab7630079f55616c7c3df	k__Fungi;p__Ascomycota;c__Sordariomycetes;o__Myrmecridiales;f__Myrmecridiaceae;g__Myrmecridium;s__Myrmecridium_hiemale	0.7280646724372588
6cf3659cc406e98869be91cfd3d9d225	k__Fungi;p__Ascomycota;c__Sordariomycetes	0.9610753351105364
1dda9364a424cd9ce49ef7970eee4ae7	k__Fungi	0.9999999999999997
0ebc0dd1918ad3db5c326153594bdeb4	k__Fungi	0.9999999999999992
c8c61f9370e1314783162f15d3ff5856	k__Fungi;p__Ascomycota;c__Leotiomycetes;o__Helotiales;f__Sclerotiniaceae;g__Botrytis;s__Botrytis_caroliniana	0.7182868747395657
63c1d8be6cf87f063cbc82042bb66785	k__Fungi;p__Ascomycota;c__Saccharomycetes;o__Saccharomycetales	0.735547871745214
a6ba0c9bd8962cedc664ad0111378916	k__Fungi;p__Ascomycota;c__Dothideomycetes;o__Capnodiales;f__Dissoconiaceae;g__Uwebraunia;s__Uwebraunia_musae	0.9999379141163913
62e9085aa41140cb7b1fb43cd1b53013	k__Fungi;p__Ascomycota;c__Sordariomycetes;o__Phyllachorales;f__Phyllachoraceae;g__Phyllachora;s__Phyllachora_sylvatica	0.9999996649358132
b4b9a72ecd68c0b60e233c0061c8fbbb	k__Fungi	1.0000000000000024
9fd1f1168969e4a6b91249e4dda7c5ed	k__Fungi;p__Ascomycota;c__Saccharomycetes;o__Saccharomycetales;f__Debaryomycetaceae;g__Meyerozyma;s__Meyerozyma_guilliermondii	0.9760209915366151
9d7f2aa6c998a40514d58ccaf7560a99	k__Fungi;p__Ascomycota;c__Sordariomycetes;o__Sordariales;f__Cephalothecaceae;g__Phialemonium;s__Phialemonium_atrogriseum	0.9999999882862626
892f5438cb4d52b749850ff8417af9eb	k__Fungi;p__Ascomycota;c__Dothideomycetes;o__Capnodiales;f__Cladosporiaceae;g__Cladosporium;s__Cladosporium_sp	0.9926680566553651
90f71eeb56354e0596d25d6303313a6c	k__Fungi;p__Ascomycota;c__Dothideomycetes;o__Pleosporales;f__Pleosporaceae;g__Alternaria;s__Alternaria_helianthiinficiens	0.9648480619571949
d1e1caf13fe7ad44b0d4fd8df3abf85a	k__Fungi	1.0000000000000013
663b7c08260fa1d1b3857ee335165a95	k__Fungi;p__Ascomycota;c__Dothideomycetes;o__Pleosporales;f__Didymellaceae;g__Pseudopeyronellaea;s__Pseudopeyronellaea_eucalypti	0.9706249484948741
105e315ab12a22008ca04cb24d747065	k__Fungi;p__Basidiomycota;c__Tremellomycetes;o__Tremellales;f__Bulleribasidiaceae;g__Vishniacozyma;s__Vishniacozyma_heimaeyensis	0.9999909341222637
d53836385b78620b4e2d74b3fc9197a7	k__Fungi;p__Ascomycota;c__Dothideomycetes;o__Pleosporales;f__Didymellaceae;g__Pseudopeyronellaea;s__Pseudopeyronellaea_eucalypti	0.9996226961183197
76d19c9bbe1febc1cc86ce7ed24ee1a8	k__Fungi;p__Basidiomycota;c__Tremellomycetes;o__Tremellales;f__Bulleraceae;g__Bullera;s__Bullera_alba	0.8218013971579381
080d4dea4c8475ae76ffdee07dc2c28c	k__Fungi;p__Ascomycota;c__Dothideomycetes;o__Pleosporales;f__Phaeosphaeriaceae;g__Phaeosphaeria	0.9999923731480583
baf2ab906cc20a138283832e27c11583	k__Fungi	0.9999999999999974
ea7003c1cf7a11654f71facbecf0c8d8	k__Fungi;p__Ascomycota;c__Dothideomycetes;o__Mycosphaerellales;f__Mycosphaerellaceae;g__Xenoramularia;s__Xenoramularia_polygonicola	0.8664241433530054
0d7fcdebac27a5a74839e82575b51f4b	k__Fungi;p__Ascomycota;c__Dothideomycetes;o__Pleosporales;f__Pleosporaceae;g__Alternaria	0.998996208619617
c460ab0f5dea2db27dabb78ed2ef076b	k__Fungi;p__Ascomycota;c__Dothideomycetes;o__Capnodiales;f__Cladosporiaceae;g__Cladosporium;s__Cladosporium_sp	0.9450104371701158
e0d686f81bdd1ce08cf1cbf781f4a454	k__Fungi;p__Ascomycota;c__Dothideomycetes;o__Capnodiales;f__Cladosporiaceae;g__Cladosporium;s__Cladosporium_sp	0.9555542737458401
f6a7e276004e726dddd65797de9603e5	k__Fungi;p__Ascomycota	0.8624558324693812
649579d5add2afbe25353cbb135febd9	k__Fungi;p__Ascomycota;c__Sordariomycetes;o__Glomerellales;f__Glomerellaceae;g__Colletotrichum;s__Colletotrichum_gloeosporioides	0.999708325214837
f3f151d09fe96884e2cd2f7222a8835c	k__Fungi;p__Basidiomycota;c__Tremellomycetes;o__Tremellales;f__Rhynchogastremataceae;g__Papiliotrema;s__Papiliotrema_fusca	0.999149853183978
81426f0abbfc76e1e0cc313aa7d5018f	k__Fungi;p__Ascomycota;c__Dothideomycetes;o__Pleosporales;f__Didymellaceae;g__Pseudopeyronellaea;s__Pseudopeyronellaea_eucalypti	0.9992860939592673
25c75a0ac4b732de4168130ad6d7e448	k__Fungi	1.0000000000000036
5bfa9d5e1c08c243a1b469a84d846764	k__Fungi;p__Ascomycota;c__Saccharomycetes;o__Saccharomycetales;f__Debaryomycetaceae;g__Meyerozyma;s__Meyerozyma_guilliermondii	0.9570669588027791
0023d90983071219c11ffe517e6b0988	k__Fungi;p__Ascomycota;c__Sordariomycetes;o__Hypocreales	0.9683537671366305
12e607a05918841270e08a3b31111b94	k__Fungi	0.9999999999999984
f43da7b97675c287ea020be4b0ffbd53	k__Fungi	1.0000000000000027
c101e39dd3eb0d04f94c3f391a2b0b70	k__Fungi;p__Ascomycota;c__Sordariomycetes;o__Hypocreales;f__Cordycipitaceae;g__Leptobacillium;s__Leptobacillium_leptobactrum	0.902626244426405
d957be06daf004bff85d5302b80d80b3	k__Fungi	0.9999999999999974
bb04b84e0ac795fe543736f15742d731	k__Fungi;p__Ascomycota;c__Sordariomycetes;o__Hypocreales;f__Nectriaceae;g__Gibberella;s__Gibberella_avenacea	0.9983414297501076
522d25810a98187e5b79b1d5950ffc33	k__Fungi	1.0000000000000027
6def634b7e54f2ba0e530b2029dfc444	k__Fungi;p__Ascomycota;c__Dothideomycetes;o__Capnodiales;f__Cladosporiaceae;g__Cladosporium;s__Cladosporium_sp	0.9441599694357159
dcaeb36c8080576252f3a46e5139d451	k__Fungi	1.0000000000000024
16038cb9e214efda0e3f396bc597e95d	k__Fungi;p__Basidiomycota;c__Tremellomycetes;o__Tremellales;f__Cryptococcaceae;g__Cryptococcus;s__Cryptococcus_aureus	0.9534082858865194
4955bcb7964a11d616a3315cae8d6bfa	k__Fungi	1.0000000000000024
d8167ffa58c4d55cafd4776a9c367e6f	k__Fungi;p__Ascomycota;c__Saccharomycetes;o__Saccharomycetales;f__Pichiaceae;g__Pichia;s__Pichia_terricola	0.9994888203005219
bd0ebb897b3d0f650fd7a45a8359ed03	k__Fungi;p__Ascomycota;c__Dothideomycetes;o__Pleosporales;f__Pleosporaceae;g__Exserohilum;s__Exserohilum_oryzicola	0.9972832092443417
edc04044727e8ef829cb31ce581f4295	k__Fungi;p__Basidiomycota;c__Cystobasidiomycetes;o__Cystobasidiomycetes_ord_Incertae_sedis;f__Symmetrosporaceae;g__Symmetrospora	0.9984607901867963
13d8b09414fb36c7084a3b02354d2fda	k__Fungi	0.9999999999999991
47103153162097219dbefe885474f38a	k__Fungi;p__Basidiomycota;c__Agaricomycetes;o__Atheliales;f__Tylosporaceae;g__Amphinema;s__Amphinema_sp	0.9579991908986283
b0155f0348ff8e38250ea12f449b69c0	k__Fungi;p__Ascomycota;c__Dothideomycetes;o__Mycosphaerellales;f__Mycosphaerellaceae	0.9913585743274488
52832608f943c7c8898c7566e91a53ed	k__Fungi;p__Ascomycota;c__Dothideomycetes;o__Pleosporales;f__Pleosporaceae;g__Alternaria;s__Alternaria_prunicola	0.7580180802374851
c9d5f34226d238b545c7e382925c2015	k__Fungi;p__Ascomycota;c__Dothideomycetes;o__Pleosporales;f__Phaeosphaeriaceae;g__Phaeosphaeria;s__Phaeosphaeria_phoenicicola	0.8925953603907079
9b8800fdd2cb9fc3aff6766f9162e815	k__Fungi;p__Ascomycota;c__Saccharomycetes;o__Saccharomycetales;f__Dipodascaceae	0.9877785597955748
b5359f78e534ab3f5fb8d1a2f3cbdcc7	k__Fungi	0.9999999999999956
2eed2c1093332515ade4a938ca5a9763	k__Fungi;p__Ascomycota;c__Dothideomycetes;o__Capnodiales;f__Cladosporiaceae;g__Cladosporium;s__Cladosporium_sp	0.8064650157464748
2b1528a3982c694c92a7e71f3b1a7394	k__Fungi	1.0000000000000044
27647e7ecac1404e16d656855b1ea659	k__Fungi;p__Ascomycota;c__Dothideomycetes;o__Pleosporales;f__Periconiaceae;g__Periconia;s__Periconia_macrospinosa	0.7886662040791971
b0cb9700152f99868ecdcc56a4f82ba1	k__Fungi;p__Ascomycota;c__Sordariomycetes;o__Hypocreales;f__Nectriaceae;g__Gibberella;s__Gibberella_avenacea	0.9968317030971474
1f9ef0131243e2342b5eea381adb2fc8	k__Fungi;p__Ascomycota;c__Sordariomycetes;o__Hypocreales;f__Nectriaceae;g__Gibberella;s__Gibberella_avenacea	0.9967696833385752
48338f63c360a3ad2e0b6a81424be64a	k__Fungi;p__Ascomycota;c__Dothideomycetes;o__Pleosporales;f__Pleosporaceae;g__Alternaria;s__Alternaria_prunicola	0.8222449990525621
85d452ac2ff397d80962fea4aaa55229	k__Fungi;p__Basidiomycota;c__Tremellomycetes;o__Tremellales;f__Bulleribasidiaceae;g__Dioszegia	0.9704120261330196
33229c202cf3903001862aeb0e114e23	k__Fungi;p__Basidiomycota;c__Tremellomycetes;o__Tremellales;f__Cryptococcaceae;g__Cryptococcus;s__Cryptococcus_aureus	0.9095736399460606
59299c352f0de28c37f65d606a776060	k__Fungi;p__Ascomycota;c__Dothideomycetes;o__Mycosphaerellales;f__Mycosphaerellaceae;g__Zasmidium;s__Zasmidium_nocoxi	0.999855942033275
7105290eed5f709f2055dcedfe6508ad	k__Fungi;p__Basidiomycota;c__Tremellomycetes;o__Filobasidiales;f__Filobasidiaceae;g__Filobasidium;s__Filobasidium_sp	0.996413243610293
2085e90160c42306ac8cabd8d47be46e	k__Fungi;p__Ascomycota;c__Saccharomycetes;o__Saccharomycetales	0.7387946105587074
bb8af19d53b8f9ba063e739e430f82a2	k__Fungi;p__Ascomycota;c__Dothideomycetes;o__Pleosporales;f__Phaeosphaeriaceae;g__Ophiosphaerella;s__Ophiosphaerella_aquatica	0.9818942129204915
d725b5ac12e49bb24dda09c661b67ed4	k__Fungi;p__Ascomycota;c__Dothideomycetes;o__Capnodiales;f__Cladosporiaceae;g__Cladosporium;s__Cladosporium_sp	0.9447744278346838
fd399f02799c82f2f22a8555b700caae	k__Fungi;p__Basidiomycota;c__Tremellomycetes;o__Filobasidiales;f__Filobasidiaceae;g__Naganishia;s__Naganishia_globosa	0.9408242238790383
425527fad3a38bd15548d7cae726980c	k__Fungi;p__Ascomycota;c__Saccharomycetes;o__Saccharomycetales;f__Pichiaceae;g__Pichia;s__Pichia_sporocuriosa	0.999793119789622
f93a59d3ddd6d3e2791d029c1093662f	k__Fungi;p__Ascomycota;c__Dothideomycetes;o__Pleosporales;f__Pleosporaceae;g__Alternaria;s__Alternaria_prunicola	0.8289812716035079
a68634f8b3ee2955ba690d031e19da5f	k__Fungi;p__Ascomycota;c__Dothideomycetes;o__Capnodiales;f__Cladosporiaceae;g__Cladosporium;s__Cladosporium_sp	0.9004332254405252
6d26b0840d32d267f02f14aafa29cb0e	k__Fungi;p__Basidiomycota;c__Cystobasidiomycetes;o__Cystobasidiales;f__Cystobasidiaceae	0.9980942360200358
b08b3e7ef8abbc301f470125528e5ac4	k__Fungi;p__Basidiomycota;c__Tremellomycetes;o__Tremellales;f__Bulleraceae;g__Bullera;s__Bullera_alba	0.8282200352777319
77ffca104059d321ef2fbf6adf3254b1	k__Fungi;p__Ascomycota;c__Dothideomycetes;o__Pleosporales;f__Lophiostomataceae;g__Flabellascoma;s__Flabellascoma_sp	0.9246742502007531
5e4576b0213ba2b41b86b591673f53f9	k__Fungi;p__Ascomycota;c__Dothideomycetes;o__Capnodiales;f__Cladosporiaceae;g__Cladosporium;s__Cladosporium_sp	0.9616954636189333
2353408c22d93f986605d5e8e1da3b10	k__Fungi;p__Ascomycota;c__Sordariomycetes;o__Amphisphaeriales;f__Pestalotiopsidaceae;g__Neopestalotiopsis;s__Neopestalotiopsis_foedans	0.8959059659059739
53484b47c126a057c33efb71d91195e1	k__Fungi;p__Ascomycota;c__Sordariomycetes;o__Hypocreales;f__Nectriaceae;g__Gibberella;s__Gibberella_avenacea	0.9986811509340318
a585c0f934f5ad45725a38eb1823910a	k__Fungi;p__Ascomycota;c__Dothideomycetes;o__Pleosporales;f__Cucurbitariaceae;g__Pyrenochaetopsis	0.9998676144283454
30f500deadd18549c6afe4dbe4561c0c	k__Fungi;p__Basidiomycota;c__Microbotryomycetes;o__Sporidiobolales;f__Sporidiobolaceae;g__Sporobolomyces;s__Sporobolomyces_ruberrimus	0.9991624491786936
08179585ca8194ea91b51948e0e3f8fe	k__Fungi;p__Ascomycota;c__Sordariomycetes;o__Amphisphaeriales;f__Pestalotiopsidaceae;g__Neopestalotiopsis;s__Neopestalotiopsis_foedans	0.8972824529363957
da839d832e3a331a5f7849821dafe858	k__Fungi;p__Ascomycota;c__Dothideomycetes;o__Pleosporales;f__Didymellaceae;g__Pseudopeyronellaea;s__Pseudopeyronellaea_eucalypti	0.9930244906051116
4d6ca9a4a8f4916e29d3853e9e53dd4f	k__Fungi;p__Basidiomycota;c__Cystobasidiomycetes;o__Cystobasidiales;f__Cystobasidiaceae	0.9974155893297574
5cf6cbba61be6f3587a42aa374f88d04	k__Fungi;p__Basidiomycota;c__Tremellomycetes;o__Tremellales	0.7276508457400509
fa90f9e0dfb8e2751894b2c43f9c1681	k__Fungi	1.0000000000000036
0a86e59a140293951a1ed63add83a56c	k__Fungi	1.0000000000000018
d04bd3227825bfc3f68b793aed04a509	k__Fungi;p__Ascomycota;c__Dothideomycetes;o__Capnodiales;f__Dissoconiaceae;g__Pseudoveronaea;s__Pseudoveronaea_ellipsoidea	0.9999820342845636
c9f3937ad40aa2787509a11a9f5a26e6	k__Fungi;p__Ascomycota;c__Dothideomycetes;o__Capnodiales;f__Cladosporiaceae;g__Cladosporium;s__Cladosporium_sp	0.9776634253878238
58ec5864e2a12182626b15e5779d8473	k__Fungi;p__Basidiomycota;c__Microbotryomycetes;o__Sporidiobolales;f__Sporidiobolaceae;g__Sporobolomyces;s__Sporobolomyces_ruberrimus	0.9991893426225285
8f6ca2743b048d4643a2a93a2826c7c2	k__Fungi;p__Ascomycota;c__Sordariomycetes;o__Hypocreales;f__Nectriaceae;g__Gibberella;s__Gibberella_avenacea	0.9814152566992133
a83f85aa2dd536bef474a30ca03c73c7	k__Fungi;p__Ascomycota;c__Dothideomycetes;o__Capnodiales;f__Cladosporiaceae;g__Cladosporium;s__Cladosporium_sp	0.9512557832413109
964da1a2a52cf533c0723e29f375a591	k__Fungi;p__Basidiomycota;c__Tremellomycetes;o__Tremellales;f__Bulleribasidiaceae;g__Vishniacozyma;s__Vishniacozyma_heimaeyensis	0.9999993067546016
b8cb1b79f1dd03ae11268e4de7b32864	k__Fungi;p__Ascomycota;c__Dothideomycetes;o__Capnodiales;f__Cladosporiaceae;g__Cladosporium;s__Cladosporium_sp	0.9447200733079198
81f16c237a717bbbcd4593068cb4e031	k__Fungi;p__Ascomycota;c__Dothideomycetes;o__Capnodiales;f__Cladosporiaceae;g__Cladosporium;s__Cladosporium_sp	0.9558244742203696
15169c7df76c5ee8b5c4ef9f57d02294	k__Fungi	1.0000000000000082
6175d4e78d6343788516565f2451cd05	k__Fungi;p__Basidiomycota;c__Wallemiomycetes;o__Wallemiales;f__Wallemiaceae;g__Wallemia;s__Wallemia_muriae	0.9998643738633555
cec93e66b59949d9691bae64e44fbb7c	k__Fungi	1.0000000000000036
d52c78e97e24bf75c083b2aad7cc19f1	k__Fungi;p__Basidiomycota;c__Tremellomycetes;o__Filobasidiales;f__Filobasidiaceae;g__Naganishia;s__Naganishia_globosa	0.820858583001415
78d5f30affc3cc84c4193e4baffc5dda	k__Fungi;p__Ascomycota;c__Dothideomycetes;o__Pleosporales;f__Didymellaceae;g__Pseudopeyronellaea;s__Pseudopeyronellaea_eucalypti	0.9935010453587002
589076db1c2f438c4b7f083c6a3866fc	k__Fungi;p__Basidiomycota;c__Microbotryomycetes;o__Sporidiobolales;f__Sporidiobolaceae;g__Sporobolomyces;s__Sporobolomyces_ruberrimus	0.9989736110313808
3a24f9797fee4c11847a83e0d5b7f4f2	k__Fungi;p__Ascomycota;c__Dothideomycetes;o__Capnodiales;f__Cladosporiaceae;g__Cladosporium;s__Cladosporium_sp	0.9373734480376055
245133d4006e2043c49a945ec21e7cb5	k__Fungi;p__Ascomycota;c__Dothideomycetes;o__Capnodiales;f__Cladosporiaceae;g__Cladosporium;s__Cladosporium_sp	0.9424659922186331
94bd7a048b7e7a02c542448e1ab78d28	k__Fungi;p__Ascomycota;c__Sordariomycetes;o__Hypocreales;f__Nectriaceae;g__Gibberella;s__Gibberella_avenacea	0.9784682089918656
2e847921b6224382e432de49f21946fc	k__Fungi;p__Ascomycota;c__Saccharomycetes;o__Saccharomycetales	0.8295260260726798
ec9257e439c504b9b5f6d7cd5557f120	k__Fungi;p__Ascomycota;c__Dothideomycetes;o__Pleosporales;f__Pleosporaceae;g__Alternaria	0.9986297328277017
deef7e8aabc1dfb4d0a0e794681f9ac5	k__Fungi;p__Ascomycota;c__Dothideomycetes;o__Pleosporales;f__Didymellaceae;g__Pseudopeyronellaea;s__Pseudopeyronellaea_eucalypti	0.9944250122568681
d6bd1973fb8577d8ac5d4d5dfab3bd23	k__Fungi;p__Ascomycota;c__Dothideomycetes;o__Capnodiales;f__Cladosporiaceae;g__Cladosporium;s__Cladosporium_sp	0.9436294420178931
6c846bfa2d6a4680f406b6c32cd1d99e	k__Fungi;p__Ascomycota;c__Sordariomycetes	0.9644135195316029
d295f27ec861d2d38820e63af83acbe1	k__Fungi	0.9999999999999939
9af09592e83c1eeab99da6df6e7429df	k__Fungi	1.0000000000000033
83d2c1b5daf8532990e9b999cc6fdc44	k__Fungi;p__Ascomycota;c__Dothideomycetes;o__Pleosporales;f__Didymellaceae;g__Pseudopeyronellaea;s__Pseudopeyronellaea_eucalypti	0.9988643915282465
00197a222f1fab4bf6576a069bbfe1e5	k__Fungi;p__Ascomycota;c__Sordariomycetes	0.9480649920671086
5cbbaa4c1df277301a42b964b870eb0e	k__Fungi;p__Ascomycota;c__Dothideomycetes;o__Capnodiales;f__Cladosporiaceae;g__Cladosporium;s__Cladosporium_sp	0.9195064835820596
737f22ec162f32aca9f933855ab54936	k__Fungi;p__Ascomycota;c__Sordariomycetes;o__Hypocreales;f__Nectriaceae	0.714329894705097
9fb89fc0e593e94f6b302819d0758c70	k__Fungi;p__Ascomycota;c__Dothideomycetes;o__Capnodiales;f__Cladosporiaceae;g__Cladosporium;s__Cladosporium_sp	0.9014516940630659
cecd994121de951ed06c381fcc6e6e1c	k__Fungi;p__Ascomycota;c__Dothideomycetes	0.9943910542807267
69dc6e2b1aa89127b157d5780b9c93f2	k__Fungi;p__Ascomycota;c__Dothideomycetes;o__Pleosporales;f__Pleosporaceae;g__Alternaria	0.9984291562624004
421f17022b60ec07c3628b0869603fb0	k__Fungi;p__Ascomycota;c__Dothideomycetes;o__Pleosporales	0.9523969773500488
958eca893361802dd69b012753efdf59	k__Fungi;p__Basidiomycota;c__Tremellomycetes;o__Tremellales;f__Cryptococcaceae;g__Cryptococcus;s__Cryptococcus_aureus	0.8038156619773392
0b717b045830400435cdd06c09606780	k__Fungi	0.9999999999999979
76d9537cc21eb5279b4301f46d975d85	k__Fungi;p__Ascomycota;c__Dothideomycetes;o__Capnodiales;f__Cladosporiaceae;g__Cladosporium;s__Cladosporium_sp	0.9583477157438346
616f58abe5595b0bd4bac4454b42e5bd	k__Fungi;p__Ascomycota;c__Sordariomycetes;o__Hypocreales;f__Nectriaceae;g__Gibberella;s__Gibberella_avenacea	0.9965327404296979
186a654d276457cb374e0a9c34b602b0	k__Fungi	0.9999999999999981
c3efa77a624a2e58993e20e7adf921cd	k__Fungi;p__Ascomycota;c__Dothideomycetes;o__Capnodiales;f__Cladosporiaceae;g__Cladosporium;s__Cladosporium_sp	0.8843989530641243
090370db8c7349e094f7a57071a19c3b	k__Fungi;p__Basidiomycota;c__Tremellomycetes;o__Tremellales;f__Cryptococcaceae;g__Cryptococcus;s__Cryptococcus_aureus	0.7544495581861076
afb6d3cf3c4f6acdf3c97eb2a72e8e04	k__Fungi;p__Ascomycota;c__Dothideomycetes;o__Pleosporales;f__Pleosporaceae;g__Alternaria	0.9981389820627269
5d519f5d2bd64f39e4060d4f45fec353	k__Fungi;p__Ascomycota;c__Dothideomycetes;o__Capnodiales;f__Cladosporiaceae;g__Cladosporium;s__Cladosporium_sp	0.9372093418246564
c4c1a4a686d0977dedeb3eb235f43767	k__Fungi;p__Ascomycota;c__Dothideomycetes;o__Capnodiales;f__Cladosporiaceae;g__Cladosporium;s__Cladosporium_sp	0.9545933587460903
89b43cf409f1cbef88dd7ba688bffbd6	k__Fungi;p__Ascomycota;c__Dothideomycetes;o__Capnodiales;f__Cladosporiaceae;g__Cladosporium;s__Cladosporium_sp	0.9385915302646581
1829f29d3749ac95fc373e200c2c0de6	k__Fungi	1.0000000000000004
4501e811676fc50b8107bb6c94b878a6	k__Fungi;p__Ascomycota;c__Dothideomycetes;o__Capnodiales;f__Cladosporiaceae;g__Cladosporium;s__Cladosporium_sp	0.9278458940382368
fd77c5491716ef669076cf6927c21ac1	k__Fungi;p__Ascomycota;c__Dothideomycetes;o__Capnodiales;f__Cladosporiaceae;g__Cladosporium;s__Cladosporium_sp	0.9904337229949931
ff20e85bbcec0fb93e891ec9745d0a3c	k__Fungi;p__Basidiomycota;c__Agaricomycetes;o__Phallales;f__Phallaceae;g__Phallus;s__Phallus_rugulosus	0.9999958110813819
5a2b29ccb7780283217d8fae810af81d	k__Fungi;p__Ascomycota;c__Sordariomycetes;o__Hypocreales;f__Nectriaceae;g__Gibberella;s__Gibberella_avenacea	0.8324257879132815
5b2a3cdf52b6451bb7aa319dfaa70361	k__Fungi;p__Basidiomycota;c__Agaricomycetes;o__Phallales;f__Phallaceae;g__Phallus;s__Phallus_rugulosus	0.9999219713858444
f232911417c6173313874fe57ac2afce	k__Fungi;p__Ascomycota;c__Dothideomycetes;o__Capnodiales;f__Cladosporiaceae;g__Cladosporium;s__Cladosporium_sp	0.976064032698001
788966daeb64d855e6fb5d04319ae163	k__Fungi	0.9999999999999996
3a7f0ea4e10cd4d2c92d7ffdbe19299b	k__Fungi;p__Ascomycota;c__Dothideomycetes;o__Pleosporales;f__Didymellaceae;g__Pseudopeyronellaea;s__Pseudopeyronellaea_eucalypti	0.9958390350513295
1729ae042a73e6510227ae760081125a	k__Fungi;p__Ascomycota;c__Sordariomycetes;o__Hypocreales;f__Nectriaceae;g__Gibberella;s__Gibberella_avenacea	0.865173258230504
1a5d32ddfd5ff69f2d174d2107b905c9	k__Fungi;p__Ascomycota;c__Dothideomycetes;o__Pleosporales;f__Pleosporaceae;g__Alternaria;s__Alternaria_prunicola	0.7002002836099859
5e7ffee0901b7c947b64c6ada09b2cdd	k__Fungi	1.000000000000004
9e1933bfe5d88b7748ac1bb70248a16b	k__Fungi;p__Basidiomycota;c__Cystobasidiomycetes;o__Cystobasidiomycetes_ord_Incertae_sedis;f__Symmetrosporaceae;g__Symmetrospora	0.998631539002776
0553c91c2cabd75232b982d8ad4679b4	k__Fungi	0.9999999999999956
5a42d8d8ae76cc48db358c99773c0b8d	k__Fungi;p__Ascomycota;c__Sordariomycetes;o__Amphisphaeriales;f__Pestalotiopsidaceae;g__Neopestalotiopsis;s__Neopestalotiopsis_foedans	0.8377339223057816
ba6392710ccf52234db21646ccd01706	k__Fungi;p__Ascomycota;c__Dothideomycetes;o__Pleosporales;f__Didymellaceae;g__Pseudopeyronellaea;s__Pseudopeyronellaea_eucalypti	0.9988882328992414
9ed136f36cb7b53cfd2a20334164f4e4	k__Fungi;p__Ascomycota;c__Dothideomycetes;o__Pleosporales;f__Didymellaceae;g__Pseudopeyronellaea;s__Pseudopeyronellaea_eucalypti	0.9994901249323866
e7997a17197dc17b7e599260a9e19b12	k__Fungi;p__Ascomycota;c__Sordariomycetes;o__Trichosphaeriales;f__Trichosphaeriaceae;g__Nigrospora;s__Nigrospora_oryzae	0.9833614051516459
881daa9b9ff7a93c6b84fc94e2d87df1	k__Fungi	0.9999999999999999
a5fa425d8ac5500439705d3be85fae78	k__Fungi;p__Ascomycota;c__Sordariomycetes;o__Trichosphaeriales;f__Trichosphaeriaceae;g__Nigrospora;s__Nigrospora_oryzae	0.9701091937207521
3cf0f3dd053f6885486235d101f0431f	k__Fungi;p__Ascomycota;c__Dothideomycetes;o__Capnodiales;f__Cladosporiaceae;g__Cladosporium;s__Cladosporium_sp	0.9662107275758084
ac7c1d00d13322e2989c9d6a74f40492	k__Fungi;p__Ascomycota;c__Dothideomycetes;o__Capnodiales;f__Cladosporiaceae;g__Cladosporium;s__Cladosporium_sp	0.9525225658630789
615663fe5995f2c70928565955b190da	k__Fungi;p__Ascomycota;c__Dothideomycetes;o__Capnodiales;f__Cladosporiaceae;g__Cladosporium;s__Cladosporium_sp	0.9786561751328392
9b69af4d4d192152319993bf9a882165	k__Fungi;p__Ascomycota;c__Dothideomycetes;o__Capnodiales;f__Cladosporiaceae;g__Cladosporium;s__Cladosporium_sp	0.9883261163538023
7202d0439bc96c1623d052ff2dd871cf	k__Fungi;p__Ascomycota;c__Dothideomycetes;o__Capnodiales;f__Cladosporiaceae;g__Cladosporium;s__Cladosporium_sp	0.9630058268033767
a03b7741bb7e8ef083f1146870173617	k__Fungi	1.000000000000008
3ec3496a6b2836b6b8430eeaa21a7f52	k__Fungi;p__Ascomycota;c__Sordariomycetes;o__Amphisphaeriales;f__Pestalotiopsidaceae;g__Neopestalotiopsis;s__Neopestalotiopsis_foedans	0.9607233383121005
e721f27fa6ca7324d3e53fbfbec6ba5b	k__Fungi;p__Ascomycota;c__Sordariomycetes;o__Hypocreales;f__Hypocreales_fam_Incertae_sedis;g__Sarocladium;s__Sarocladium_strictum	0.997664956925696
4875f2446949bd77e0836c15fb5f2c31	k__Fungi;p__Ascomycota	0.9499089753608873
5e2133f9d02abf48a41bb5f3d33ea51b	k__Fungi;p__Ascomycota;c__Dothideomycetes;o__Mycosphaerellales;f__Mycosphaerellaceae	0.997071599243682
a3caa2cc59f915880adaf12e3de50522	k__Fungi;p__Ascomycota;c__Sordariomycetes;o__Hypocreales;f__Hypocreales_fam_Incertae_sedis;g__Acremonium;s__Acremonium_fusidioides	0.9957296551256414
d527cb2178f3288189fafa6d9b6fcd1c	k__Fungi;p__Ascomycota;c__Dothideomycetes;o__Capnodiales;f__Cladosporiaceae;g__Cladosporium;s__Cladosporium_herbarum	0.9903648266925626
243c0b243db13b85265153ca8a3cfb7e	k__Fungi	0.9999999999999972
f70ecd3f3c780701e96bb6c533410c9c	k__Fungi	1.0000000000000069
d371a1173c9b2699edaac41723c142cc	k__Fungi;p__Ascomycota;c__Sordariomycetes;o__Hypocreales;f__Nectriaceae	0.9999993149798557
557d6574d3be94cb44f2517e2f6c8613	k__Fungi;p__Basidiomycota;c__Wallemiomycetes;o__Wallemiales;f__Wallemiaceae;g__Wallemia;s__Wallemia_muriae	0.9997157323647312
332eea7dcd02c6d2a981a39cf8cc4c54	k__Fungi;p__Ascomycota;c__Dothideomycetes;o__Pleosporales;f__Pleosporaceae;g__Alternaria	0.9979133585872905
63fe9561f2cc4ddeccf8f17650bbcec5	k__Fungi;p__Ascomycota;c__Dothideomycetes;o__Capnodiales;f__Cladosporiaceae;g__Cladosporium;s__Cladosporium_sp	0.9361029613926152
bb80eac0d3d252996c1d1496ebc37afa	k__Fungi;p__Ascomycota;c__Sordariomycetes;o__Hypocreales;f__Nectriaceae;g__Gibberella;s__Gibberella_avenacea	0.9928405547050154
a405a7307d3ac85aaca70b7b534528ab	k__Fungi;p__Ascomycota;c__Sordariomycetes	0.903451409938718
c0f0f3c23c4abbbab13d11588a451039	k__Fungi;p__Ascomycota;c__Dothideomycetes;o__Pleosporales;f__Didymellaceae;g__Pseudopeyronellaea;s__Pseudopeyronellaea_eucalypti	0.9637725382349374
98011e7998d8aad401290d20404a26f5	k__Fungi	1.000000000000002
be07c4fe3fe76c86ed4b1536d8b00a5e	k__Fungi;p__Ascomycota;c__Dothideomycetes;o__Capnodiales;f__Cladosporiaceae;g__Cladosporium;s__Cladosporium_sp	0.9714293647734762
e82546f091b198910fa4f7d716b7190e	k__Fungi;p__Ascomycota;c__Saccharomycetes;o__Saccharomycetales;f__Saccharomycetales_fam_Incertae_sedis;g__Candida;s__Candida_californica	0.9999294949790177
120bb165d8f5e9c7f9ec47a3df8020cf	k__Fungi	0.9999999999999967
46f990323f4d1d969b46eab53a416c4c	k__Fungi;p__Ascomycota;c__Dothideomycetes;o__Capnodiales;f__Cladosporiaceae;g__Cladosporium;s__Cladosporium_sp	0.9547758248025011
3f3ef505d2737fc4457deeb8de5b2911	k__Fungi;p__Ascomycota;c__Sordariomycetes;o__Amphisphaeriales;f__Pestalotiopsidaceae;g__Neopestalotiopsis;s__Neopestalotiopsis_foedans	0.9778904930489644
0057a2fc722327a03ad7432b5159bae2	k__Fungi;p__Basidiomycota;c__Tremellomycetes;o__Tremellales;f__Cryptococcaceae;g__Cryptococcus;s__Cryptococcus_aureus	0.9589482073409454
6a4f03eb732177dfba1c2372bdd91232	k__Fungi;p__Ascomycota;c__Dothideomycetes;o__Capnodiales;f__Cladosporiaceae;g__Cladosporium;s__Cladosporium_sp	0.9552088465696835
459f6a924909e4d64bf381729799a79c	k__Fungi;p__Ascomycota;c__Dothideomycetes;o__Mycosphaerellales;f__Mycosphaerellaceae;g__Zasmidium;s__Zasmidium_nocoxi	0.7045870802661457
00fda8f9b08331186cf9d6fbecaa5e0b	k__Fungi;p__Ascomycota;c__Dothideomycetes;o__Pleosporales;f__Lentitheciaceae	0.9999487410238826
7cdd945ba42c9e1836bd0013181d7524	k__Fungi;p__Ascomycota;c__Dothideomycetes;o__Capnodiales;f__Cladosporiaceae;g__Cladosporium;s__Cladosporium_sp	0.9243896383003581
e1f51384707f592a454a8c5d26df15d9	k__Fungi;p__Ascomycota;c__Dothideomycetes;o__Pleosporales;f__Pleosporaceae;g__Alternaria;s__Alternaria_prunicola	0.820364878247468
e44fc733b29daf066d54c77d6e2a9b9e	k__Fungi;p__Ascomycota;c__Dothideomycetes;o__Pleosporales;f__Didymellaceae;g__Pseudopeyronellaea;s__Pseudopeyronellaea_eucalypti	0.9990835848613857
d79bcae42f321bc32bd59e8e07b32513	k__Fungi;p__Ascomycota;c__Dothideomycetes;o__Capnodiales;f__Cladosporiaceae;g__Cladosporium;s__Cladosporium_herbarum	0.9739734553512296
ddf7faeb53a147e0b968fada52a27c84	k__Fungi;p__Ascomycota;c__Dothideomycetes;o__Capnodiales;f__Cladosporiaceae;g__Cladosporium;s__Cladosporium_sp	0.9706516793862187
a9da6ac2896df4a2dbe135f9c782b4b0	k__Fungi;p__Ascomycota;c__Dothideomycetes;o__Capnodiales;f__Cladosporiaceae;g__Cladosporium;s__Cladosporium_sp	0.96786529325952
1f449ef5b4b72f41516771e53d74d258	k__Fungi;p__Ascomycota;c__Sordariomycetes;o__Amphisphaeriales;f__Pestalotiopsidaceae;g__Neopestalotiopsis;s__Neopestalotiopsis_foedans	0.8660523126956922
633f48d4976c2ce7d71ec563210a82d5	k__Fungi;p__Ascomycota;c__Dothideomycetes;o__Pleosporales;f__Didymellaceae;g__Pseudopeyronellaea;s__Pseudopeyronellaea_eucalypti	0.999289155891886
b7a0dab3267a5b66ce30f07bde9d1760	k__Fungi;p__Ascomycota;c__Sordariomycetes;o__Hypocreales;f__Hypocreales_fam_Incertae_sedis;g__Sarocladium;s__Sarocladium_strictum	0.9993276906101555
30b83aa1f0b304a2f7948eebadcd4eca	k__Fungi	0.9999999999999989
db3293e2026dd4057b2328f7f40109b5	k__Fungi;p__Ascomycota;c__Dothideomycetes;o__Capnodiales;f__Cladosporiaceae;g__Cladosporium;s__Cladosporium_sp	0.9712648981589569
e34ea82629a2b66df38aaf36bda9378f	k__Fungi	1.000000000000007
0cd0dfcf711c7b1f3401a15548775427	k__Fungi	0.9999999999999903
3829d16b2b3290669bd162fad7ea7ca1	k__Fungi;p__Ascomycota;c__Dothideomycetes;o__Capnodiales;f__Cladosporiaceae;g__Cladosporium;s__Cladosporium_sp	0.9445829620986518
eb5c70fdb22c880cacc74fe0753caaef	k__Fungi;p__Ascomycota;c__Dothideomycetes;o__Capnodiales;f__Cladosporiaceae;g__Cladosporium;s__Cladosporium_sp	0.9796860603482374
d6ef45ad47e8d91ecbf6410bd7a66e91	k__Fungi	0.9999999999999922
d0e365795ca1e62ec57ae7902e689378	k__Fungi;p__Basidiomycota;c__Tremellomycetes;o__Filobasidiales;f__Filobasidiaceae;g__Filobasidium;s__Filobasidium_sp	0.997642821891109
aa0dce30d8de60ebb78038f86100b114	k__Fungi;p__Ascomycota;c__Dothideomycetes;o__Capnodiales;f__Cladosporiaceae;g__Cladosporium;s__Cladosporium_sp	0.9504492012305467
c874340ad94f973b1acbbaab9de6502f	k__Fungi	1.0000000000000018
d2fb26c4aa09999c91dc328737d276ba	k__Fungi	0.999999999999986
defb7607b766eeb0f3080fe2eb688069	k__Fungi	1.0000000000000056
86fc6b5945dbbbdefb46a2dfe0d06caa	k__Fungi;p__Ascomycota;c__Sordariomycetes;o__Trichosphaeriales;f__Trichosphaeriaceae;g__Nigrospora;s__Nigrospora_oryzae	0.9806601140339246
68d15cd20b4fbf9815e1b6cdddd080ab	k__Fungi;p__Ascomycota;c__Dothideomycetes;o__Capnodiales;f__Cladosporiaceae;g__Cladosporium;s__Cladosporium_sp	0.9064324975556209
b0662763038e5afad97c8da2f2639d7b	k__Fungi	1.0000000000000102
3ab5a9e965bf4f623ed79d9c06ffd040	k__Fungi;p__Ascomycota;c__Sordariomycetes;o__Hypocreales;f__Hypocreales_fam_Incertae_sedis;g__Sarocladium;s__Sarocladium_implicatum	0.9983976085808874
f0b4e9eb44fd56009be0406a7aecccf2	k__Fungi;p__Ascomycota;c__Dothideomycetes;o__Pleosporales;f__Pleosporaceae;g__Alternaria	0.9992818544069757
286dbc445c1fba3628f9606ea9f38bf9	k__Fungi	1.0000000000000009
74bd53277fe682918d6580f0370e84b2	k__Fungi;p__Basidiomycota;c__Microbotryomycetes;o__Sporidiobolales;f__Sporidiobolaceae;g__Sporobolomyces;s__Sporobolomyces_ruberrimus	0.9990168895300512
26756cab467f23474ccfd9d74c6211c6	k__Fungi	1.0000000000000109
6f321ec716584d5c83aa88e93c3cd0ae	k__Fungi	0.9999999999999933
452c2a0920b0890c86a02f3079c2f756	k__Fungi;p__Ascomycota;c__Dothideomycetes;o__Pleosporales;f__Didymellaceae;g__Pseudopeyronellaea;s__Pseudopeyronellaea_eucalypti	0.9749538138446978
7ca1d65473105682e4c0e071cb3b0bee	k__Fungi;p__Ascomycota;c__Sordariomycetes;o__Hypocreales	0.9096362566537791
9fde87cc39a4fbdae5b9d04cf4f6a4fd	k__Fungi	1.000000000000001
32482bc310462497e87fe65f98338eb8	k__Fungi;p__Ascomycota;c__Dothideomycetes;o__Pleosporales;f__Didymellaceae;g__Pseudopeyronellaea;s__Pseudopeyronellaea_eucalypti	0.9979362754604799
1c3c95d491b856d4cda64e63472795ac	k__Fungi;p__Ascomycota;c__Sordariomycetes;o__Trichosphaeriales;f__Trichosphaeriaceae;g__Nigrospora;s__Nigrospora_oryzae	0.970751157339901
f782888f0859cef8feb94af3ae9e76f5	k__Fungi	1.0000000000000007
c2731a84a9ea14867fdb3bd0655ad8ce	k__Fungi;p__Ascomycota;c__Dothideomycetes;o__Capnodiales;f__Cladosporiaceae;g__Cladosporium;s__Cladosporium_sp	0.8109680590571402
5b320ac922afe702b60da52432a93eef	k__Fungi;p__Ascomycota;c__Sordariomycetes;o__Sordariales;f__Cephalothecaceae;g__Phialemonium;s__Phialemonium_atrogriseum	0.9999999972853715
dfd9e372b058347b96aabd434e92dde1	k__Fungi;p__Ascomycota;c__Sordariomycetes;o__Hypocreales;f__Hypocreales_fam_Incertae_sedis;g__Sarocladium;s__Sarocladium_strictum	0.9987301500622985
677366f9dd50fd2d0bd298041aec39aa	k__Fungi;p__Basidiomycota;c__Tremellomycetes;o__Filobasidiales;f__Filobasidiaceae;g__Naganishia;s__Naganishia_globosa	0.8223028064912767
226a00c0de56dd3af33fe6d19c4b086a	k__Fungi;p__Ascomycota;c__Dothideomycetes;o__Pleosporales;f__Didymellaceae;g__Pseudopeyronellaea;s__Pseudopeyronellaea_eucalypti	0.9997043493662197
74c56410b14c36e24342e8c6ed6fceaa	k__Fungi;p__Ascomycota;c__Sordariomycetes;o__Amphisphaeriales;f__Pestalotiopsidaceae;g__Neopestalotiopsis;s__Neopestalotiopsis_foedans	0.9807979957705163
2915bf309afd1af46bbeaa9a353a104a	k__Fungi;p__Ascomycota;c__Sordariomycetes;o__Trichosphaeriales;f__Trichosphaeriaceae;g__Nigrospora;s__Nigrospora_oryzae	0.9989247292151853
3f11d4a4d5133fa5859e6ad25235eeca	k__Fungi;p__Ascomycota;c__Dothideomycetes;o__Pleosporales;f__Lophiostomataceae;g__Neovaginatispora;s__Neovaginatispora_clematidis	0.9999998255338919
11027165b8d3220668bc26079b61c720	k__Fungi;p__Ascomycota;c__Dothideomycetes;o__Pleosporales;f__Pleosporaceae;g__Alternaria;s__Alternaria_prunicola	0.7326772529680419
2194d1b3779351632507e7061a048e00	k__Fungi	1.0000000000000004
7d9d306d75273b7fd2f1ad6203ef9b79	k__Fungi;p__Ascomycota;c__Dothideomycetes;o__Pleosporales;f__Didymellaceae;g__Pseudopeyronellaea;s__Pseudopeyronellaea_eucalypti	0.9988983195843091
0f21ccd62e04ebda90dfb63e5b908083	k__Fungi;p__Basidiomycota;c__Microbotryomycetes;o__Sporidiobolales;f__Sporidiobolaceae;g__Sporobolomyces;s__Sporobolomyces_ruberrimus	0.9996623254078371
976b83ea1257ac7655b81c2147a5c8de	k__Fungi;p__Ascomycota;c__Dothideomycetes;o__Pleosporales;f__Pleosporaceae;g__Alternaria;s__Alternaria_prunicola	0.7617102187078254
ed8bc6e0192a273cfddd4401cfa9f55c	k__Fungi;p__Ascomycota;c__Sordariomycetes;o__Trichosphaeriales;f__Trichosphaeriaceae;g__Nigrospora;s__Nigrospora_oryzae	0.9931087959080434
59487847049327d2cee644094c61f018	k__Fungi;p__Basidiomycota;c__Exobasidiomycetes;o__Exobasidiales;f__Cryptobasidiaceae;g__Acaromyces;s__Acaromyces_ingoldii	0.9999999805426969
34c149244f50c303b278b24d32c518c8	k__Fungi;p__Ascomycota;c__Saccharomycetes;o__Saccharomycetales	0.829570966702419
253fcdad8dfeb65f864ed12134934637	k__Fungi;p__Basidiomycota;c__Tremellomycetes;o__Tremellales;f__Bulleraceae;g__Bullera;s__Bullera_alba	0.8263353517013469
ccbb2e63e34c388f4bbfaac64b8bfbd6	k__Fungi	1.0000000000000078
47e43a95c255d87981f931f83a6c4d64	k__Fungi;p__Ascomycota;c__Sordariomycetes;o__Amphisphaeriales;f__Pestalotiopsidaceae;g__Neopestalotiopsis;s__Neopestalotiopsis_foedans	0.7026496021157953
0a62e98844a10df01ed163f7a5a8abb2	k__Fungi	1.0000000000000049
c250de56889533dfac5a71ab7b8134d2	k__Fungi	0.9999999999999882
7ae4c3ea3e229c784e245750d0aba665	k__Fungi;p__Basidiomycota;c__Tremellomycetes;o__Tremellales;f__Bulleribasidiaceae;g__Vishniacozyma;s__Vishniacozyma_heimaeyensis	0.9999980371417587
4bc28a04ea6f57b1a9e088d8fd453c1f	k__Fungi;p__Ascomycota;c__Saccharomycetes;o__Saccharomycetales;f__Pichiaceae;g__Pichia;s__Pichia_terricola	0.9984062884798429
c950337e113e64e0e29c87e4b1e19287	k__Fungi;p__Ascomycota;c__Saccharomycetes;o__Saccharomycetales;f__Pichiaceae;g__Pichia;s__Pichia_terricola	0.9998419237359067
41967b158caf3fc273937a5bf703c41d	k__Fungi	1.0000000000000022
6965bbbebc8d1ac4ef4ef593d5190e86	k__Fungi;p__Ascomycota;c__Sordariomycetes;o__Hypocreales;f__Hypocreales_fam_Incertae_sedis;g__Sarocladium;s__Sarocladium_strictum	0.9994983624299933
d8f159bc3f04e8c530f4c7215cd35b86	k__Fungi;p__Ascomycota;c__Dothideomycetes;o__Pleosporales;f__Didymellaceae;g__Pseudopeyronellaea;s__Pseudopeyronellaea_eucalypti	0.9993335662592765
8c64d8c607b024a623f88540389e492a	k__Fungi	0.9999999999999999
b6216a437a5e64609c6db11960bad9f2	k__Fungi;p__Ascomycota;c__Leotiomycetes;o__Helotiales;f__Sclerotiniaceae	0.9578457966575764
876553009792b321ca3288ada8272fb1	k__Fungi;p__Ascomycota;c__Dothideomycetes;o__Capnodiales;f__Cladosporiaceae;g__Cladosporium;s__Cladosporium_herbarum	0.9879625369140229
9aa01b47872d223a5076ab2a8197502b	k__Fungi;p__Basidiomycota;c__Cystobasidiomycetes;o__Cystobasidiomycetes_ord_Incertae_sedis;f__Symmetrosporaceae;g__Symmetrospora	0.9982313065984157
ce8895b96f0a2ae1d0e65ff6863b6702	k__Fungi;p__Ascomycota;c__Dothideomycetes;o__Capnodiales;f__Cladosporiaceae;g__Cladosporium;s__Cladosporium_sp	0.9706482718571099
8f0b81fe21a3cae18961a3afac5bb37c	k__Fungi	0.9999999999999958
0c3758d6ffc68f0dfd32406bbfb77083	k__Fungi;p__Ascomycota;c__Dothideomycetes;o__Pleosporales;f__Pleosporaceae;g__Alternaria	0.9992793268099314
57d17eec23bc65fd488cd4ceb61382ee	k__Fungi;p__Ascomycota;c__Sordariomycetes	0.9502360546436395
de6aa5db37bb94b5e0a8027657dac47c	k__Fungi;p__Ascomycota;c__Sordariomycetes	0.9722895400850251
ed4c4f29b605875c15d0c9d0aeab7ffa	k__Fungi;p__Basidiomycota;c__Tremellomycetes;o__Tremellales;f__Bulleribasidiaceae;g__Vishniacozyma;s__Vishniacozyma_sp	0.9361063567861666
19a3d7c01c7e570ae32b7a38f96f6352	k__Fungi	0.9999999999999981
b4ba72b5fab3e960a14e9a1883199b59	k__Fungi;p__Ascomycota;c__Sordariomycetes;o__Hypocreales;f__Hypocreales_fam_Incertae_sedis;g__Sarocladium;s__Sarocladium_implicatum	0.9993026860962221
f3cca203eca7bf8cffd6ce87694a4fc6	k__Fungi	0.9999999999999976
6df01c863d11e5080497299de4d4a871	k__Fungi;p__Ascomycota;c__Dothideomycetes;o__Pleosporales;f__Didymellaceae;g__Pseudopeyronellaea;s__Pseudopeyronellaea_eucalypti	0.9995642887265865
6cca8d684019b9cc97b4a7b7a3edb143	k__Fungi;p__Ascomycota;c__Dothideomycetes;o__Pleosporales;f__Didymellaceae;g__Pseudopeyronellaea;s__Pseudopeyronellaea_eucalypti	0.9991594479647739
094daa47a029f224e8bd3d9a6380db1e	k__Fungi;p__Ascomycota;c__Sordariomycetes	0.9829502122817857
bbcbecd4cd32c0c6420ae1e9b3e6ad3f	k__Fungi;p__Ascomycota;c__Dothideomycetes;o__Pleosporales;f__Phaeosphaeriaceae;g__Ophiosphaerella;s__Ophiosphaerella_aquatica	0.9820018385173089
04165abbc43d84231f66d4f11510512c	k__Fungi;p__Ascomycota;c__Dothideomycetes;o__Pleosporales	0.7344149365404626
e6ac8db3b75c6805b6b2c5a9caebaede	k__Fungi;p__Ascomycota;c__Dothideomycetes;o__Pleosporales;f__Didymellaceae;g__Pseudopeyronellaea;s__Pseudopeyronellaea_eucalypti	0.9968124049125264
1f6ffb77e6235097a8bf8e5b5b5296a3	k__Fungi;p__Ascomycota;c__Sordariomycetes;o__Sordariales;f__Cephalothecaceae;g__Phialemonium;s__Phialemonium_atrogriseum	0.9999999805538524
2eb5a67d702e7d77bc066eac7b003bb3	k__Fungi	0.9999999999999992
12c931136786d37485f2e4348e79d3d2	k__Fungi;p__Ascomycota;c__Sordariomycetes;o__Hypocreales;f__Nectriaceae;g__Gibberella;s__Gibberella_avenacea	0.9978845771246254
4fb0bcd8074cf3dd4f4dbcbc8b1602a7	k__Fungi;p__Ascomycota;c__Dothideomycetes;o__Pleosporales;f__Pleosporaceae;g__Alternaria	0.9979687804145363
40b6043393c0d197845c70fd14c387e6	k__Fungi	1.0000000000000042
a35aeeec4da838efbef45c5e51be04e6	k__Fungi	0.9999999999999966
6964c2dae62212534b7adec85e772cb5	k__Fungi;p__Basidiomycota;c__Tremellomycetes;o__Tremellales;f__Bulleraceae;g__Bullera;s__Bullera_alba	0.8306019156233112
f6a3744ec5a7d70d4c110909765ce8a9	k__Fungi;p__Ascomycota;c__Dothideomycetes;o__Pleosporales;f__Didymellaceae;g__Pseudopeyronellaea;s__Pseudopeyronellaea_eucalypti	0.9985602319881378
a4e67f37a9b7b721fa5ef35a672af7dd	k__Fungi	1.0000000000000002
72a8f1f3d0e62a336762f8abcbeb31ce	k__Fungi;p__Ascomycota;c__Eurotiomycetes;o__Eurotiales;f__Aspergillaceae;g__Aspergillus	0.8244121853387116
15fa576e7cb73bc152e22e57e435dfcb	k__Fungi;p__Ascomycota;c__Dothideomycetes;o__Myriangiales	0.9777068276259665
dcb184a4faa1f555c376f416b4c9b5c6	k__Fungi;p__Ascomycota;c__Dothideomycetes;o__Mycosphaerellales;f__Mycosphaerellaceae	0.9956507751125728
f9bab8257676cc6e5270db1f279458a1	k__Fungi	0.9999999999999972
bfbe166956604b435c0be214598cbde9	k__Fungi;p__Ascomycota;c__Dothideomycetes;o__Capnodiales;f__Cladosporiaceae;g__Cladosporium;s__Cladosporium_sp	0.9340940443515061
19b19684ad00c49f50c31d09f426851b	k__Fungi;p__Basidiomycota;c__Tremellomycetes;o__Filobasidiales;f__Filobasidiaceae;g__Filobasidium;s__Filobasidium_sp	0.9877936600687455
f41320bfae12eaa57a49eca849f3c457	k__Fungi;p__Basidiomycota;c__Tremellomycetes;o__Filobasidiales;f__Filobasidiaceae;g__Naganishia;s__Naganishia_globosa	0.8319103994544182
9039cef17e19388a513dc66cbdd137de	k__Fungi;p__Ascomycota;c__Dothideomycetes;o__Pleosporales;f__Pleosporaceae;g__Alternaria;s__Alternaria_prunicola	0.8204965175093364
f95020d64d520c36e2653959a4143621	k__Fungi;p__Ascomycota;c__Sordariomycetes;o__Amphisphaeriales;f__Pestalotiopsidaceae;g__Neopestalotiopsis;s__Neopestalotiopsis_foedans	0.9159022337193904
63aa3bfe2933ce9ec40bd653716260b4	k__Fungi;p__Ascomycota;c__Dothideomycetes;o__Pleosporales;f__Pleosporaceae;g__Alternaria;s__Alternaria_prunicola	0.9251945841061804
ccfc929fe7833310bc0362c211927ab4	k__Fungi;p__Basidiomycota;c__Tremellomycetes;o__Tremellales;f__Rhynchogastremataceae;g__Papiliotrema;s__Papiliotrema_fusca	0.9958492943093732
60b80324c1d265cb3714b02850f956b2	k__Fungi;p__Ascomycota;c__Sordariomycetes;o__Sordariales;f__Cephalothecaceae;g__Phialemonium;s__Phialemonium_atrogriseum	0.9999999864764392
4b45fa7f5a9d11171247cc2a7b818e99	k__Fungi;p__Ascomycota;c__Dothideomycetes;o__Capnodiales;f__Cladosporiaceae;g__Cladosporium;s__Cladosporium_sp	0.9417382630574351
2a5f52020a71c7a2e6becb04200488c0	k__Fungi;p__Ascomycota;c__Dothideomycetes;o__Pleosporales;f__Lophiostomataceae;g__Flabellascoma;s__Flabellascoma_sp	0.9358289831325189
60c3379e6b40f7d40e86c6b37895a27b	k__Fungi	1.0000000000000084
4cfd5535b0ee036ae9d4dcbf94827d1f	k__Fungi;p__Ascomycota;c__Sordariomycetes;o__Hypocreales	0.99985274543524
f9f0446c63a4ea3e6009bc07e07b6616	k__Fungi;p__Ascomycota;c__Dothideomycetes;o__Capnodiales;f__Cladosporiaceae;g__Cladosporium;s__Cladosporium_sp	0.8970908429907383
5b7ca737d689e9a9063251f2ed7550cd	k__Fungi;p__Ascomycota;c__Dothideomycetes;o__Capnodiales;f__Cladosporiaceae;g__Cladosporium;s__Cladosporium_herbarum	0.998752274257067
f161cbd68622bd33f876505cd080ca8c	k__Fungi	1.0000000000000029
8b09a847dfaf4ed050e912f84df7582a	k__Fungi;p__Ascomycota;c__Dothideomycetes;o__Capnodiales;f__Cladosporiaceae;g__Cladosporium;s__Cladosporium_sp	0.9721052915465541
9b96205918531519ad52b93a13448c7c	k__Fungi;p__Ascomycota;c__Leotiomycetes;o__Helotiales;f__Sclerotiniaceae;g__Sclerotinia;s__Sclerotinia_sclerotiorum	0.7367736949620144
8a3033f7110dc3e4d68becc45e8ce347	k__Fungi	0.9999999999999974
d4689ec01b134f460d2cca5a85a6692d	k__Fungi;p__Basidiomycota;c__Microbotryomycetes;o__Sporidiobolales;f__Sporidiobolaceae;g__Sporobolomyces;s__Sporobolomyces_ruberrimus	0.9922275865461961
4cf4cc85669e4e4033a42650f5c4a7eb	k__Fungi	1.0000000000000113
7f9a125d913b8720f349fdc32500e3d7	k__Fungi;p__Basidiomycota;c__Tremellomycetes;o__Filobasidiales;f__Filobasidiaceae;g__Naganishia;s__Naganishia_globosa	0.879788712694594
4d97fe710845939e33ee8bd303694324	k__Fungi;p__Ascomycota;c__Dothideomycetes;o__Capnodiales;f__Cladosporiaceae;g__Cladosporium;s__Cladosporium_sp	0.8936972280037312
4995b1ff144afadfb0ca949f19f59236	k__Fungi;p__Ascomycota;c__Dothideomycetes;o__Pleosporales;f__Pleosporaceae;g__Alternaria	0.9986088056838794
da5bd937834127ccf5d878ec6956347d	k__Fungi;p__Ascomycota;c__Sordariomycetes;o__Glomerellales;f__Glomerellaceae;g__Colletotrichum;s__Colletotrichum_gloeosporioides	0.9997826075992621
55e5e62a58992d6ba9ec8d1fa2e97966	k__Fungi;p__Ascomycota;c__Dothideomycetes;o__Capnodiales;f__Cladosporiaceae;g__Cladosporium;s__Cladosporium_sp	0.9452987142085034
e57e2d5d733e84f227e122d6c2be5317	k__Fungi;p__Basidiomycota;c__Cystobasidiomycetes;o__Cystobasidiales;f__Cystobasidiaceae	0.9964312777023783
c70e5d1db72e4beef47d9191856c008d	k__Fungi	0.9999999999999979
fe1965c0d85c11da9072635779eb2d02	k__Fungi;p__Basidiomycota;c__Tremellomycetes;o__Filobasidiales;f__Filobasidiaceae;g__Filobasidium;s__Filobasidium_sp	0.9964829441767966
576d7178a52a2b67571d69fe6068f463	k__Fungi;p__Basidiomycota;c__Tremellomycetes;o__Tremellales;f__Bulleraceae;g__Bullera;s__Bullera_alba	0.8385542869582601
f9c012974b5f076df770a57f78a310fb	k__Fungi;p__Ascomycota;c__Dothideomycetes;o__Pleosporales;f__Pleosporaceae;g__Alternaria;s__Alternaria_prunicola	0.7401797057804919
25248aa66baaf917efbda1b396d87821	k__Fungi	0.9999999999999898
f3df05abe873d852131f9413893ba183	k__Fungi;p__Basidiomycota;c__Tremellomycetes;o__Tremellales;f__Bulleraceae;g__Bullera;s__Bullera_alba	0.8266098249504422
64e9eaba1d8ce7b0db963da9ab904511	k__Fungi	0.9999999999999998
04db92854c3ec6b528ee7fc81171a9af	k__Fungi;p__Basidiomycota;c__Wallemiomycetes;o__Wallemiales;f__Wallemiaceae;g__Wallemia;s__Wallemia_muriae	0.9999031045113485
44ee608f0daec35d1cae0694d3ff26b9	k__Fungi;p__Ascomycota;c__Sordariomycetes;o__Glomerellales;f__Glomerellaceae;g__Colletotrichum;s__Colletotrichum_gloeosporioides	0.9998600405490747
cc4c2ddddea1f6e9ade9d256813d275e	k__Fungi;p__Ascomycota;c__Dothideomycetes;o__Capnodiales;f__Cladosporiaceae;g__Cladosporium;s__Cladosporium_sp	0.9207555325840066
ca4bd6fc0d9fedf36782f33dcdae9a01	k__Fungi;p__Basidiomycota;c__Tremellomycetes;o__Tremellales;f__Rhynchogastremataceae;g__Papiliotrema;s__Papiliotrema_terrestris	0.8455315990598368
82fbfe9dbe4db2a6f05ac5bb4bf34bda	k__Fungi;p__Ascomycota;c__Dothideomycetes;o__Pleosporales;f__Pleosporaceae;g__Alternaria;s__Alternaria_prunicola	0.7862957201003591
384e8351ca874f5b6befae673c0695fa	k__Fungi;p__Ascomycota;c__Dothideomycetes;o__Pleosporales	0.9391754436471137
e64bc3abf2c56dc30088b760115b9eea	k__Fungi;p__Ascomycota;c__Saccharomycetes;o__Saccharomycetales;f__Saccharomycetales_fam_Incertae_sedis;g__Candida;s__Candida_sake	0.9994278147948628
0b1d54e02deb7e809f6c0c12d36913a4	k__Fungi;p__Ascomycota;c__Dothideomycetes;o__Capnodiales;f__Cladosporiaceae;g__Cladosporium;s__Cladosporium_sp	0.9976071975803659
420e4c3f4b055b5ce1474d1a70481d78	k__Fungi;p__Ascomycota;c__Dothideomycetes;o__Pleosporales;f__Didymellaceae;g__Pseudopeyronellaea;s__Pseudopeyronellaea_eucalypti	0.9984225763816305
c4559cc160f22ffdea62a656dfbd4b88	k__Fungi;p__Ascomycota;c__Sordariomycetes;o__Trichosphaeriales;f__Trichosphaeriaceae;g__Nigrospora;s__Nigrospora_oryzae	0.9575962679129295
ac87fb83f1579bcb0c9b9e18407587a2	k__Fungi	1.0000000000000082
36ecb701fd446bb3df6f72209e920cba	k__Fungi;p__Ascomycota;c__Dothideomycetes;o__Capnodiales;f__Cladosporiaceae;g__Cladosporium;s__Cladosporium_sp	0.903546998595852
d6b2cf51efaa31f4f829edc0f0461e61	k__Fungi;p__Ascomycota;c__Dothideomycetes;o__Pleosporales;f__Didymellaceae;g__Pseudopeyronellaea;s__Pseudopeyronellaea_eucalypti	0.9982687447626586
0b50cc0d4d5349de982fc08c076f84b2	k__Fungi	1.0000000000000049
27f413be31bd5dd51d6594647cd77a44	k__Fungi	1.0000000000000038
253aa96e7016989785f345b39ba20efc	k__Fungi	1.0000000000000029
b0c41d5f9bfee927d26e8f6be0710354	k__Fungi;p__Ascomycota;c__Dothideomycetes;o__Pleosporales;f__Didymellaceae;g__Pseudopeyronellaea;s__Pseudopeyronellaea_eucalypti	0.9995591075614144
539ac57bc7732baeff3c80a74cfe3d86	k__Fungi	0.999999999999997
3885331f94a8f686df1eb2bd53450e96	k__Fungi	1.0000000000000002
b2a37f4eb6fa4bf2c06e79c6df4dbc03	k__Fungi	0.9999999999999899
3c19eec15471e2074581d9cd6c0244bc	k__Fungi;p__Ascomycota;c__Dothideomycetes;o__Capnodiales;f__Cladosporiaceae;g__Cladosporium;s__Cladosporium_sp	0.9448844683370939
4feee14e8ec71dafade0306cf706da9a	k__Fungi	0.999999999999999
65d766c7fec7d3774027f2ca57cc449a	k__Fungi	1.0000000000000078
aedd6985e837bafa7b2cc1c466e98dfd	k__Fungi	1.0000000000000058
878daa5c8716729d9ae5d783aeff4523	k__Fungi;p__Ascomycota;c__Dothideomycetes;o__Pleosporales;f__Didymellaceae;g__Pseudopeyronellaea;s__Pseudopeyronellaea_eucalypti	0.9997734446956746
09f3dac14c932db5e56c2984d6a784bc	k__Fungi	1.000000000000006
dcddfec3ae1f390d94e01585230e65fd	k__Fungi;p__Basidiomycota;c__Tremellomycetes;o__Filobasidiales;f__Filobasidiaceae;g__Filobasidium;s__Filobasidium_sp	0.9961271287465507
00180b30d360ee95e80274930eb48741	k__Fungi;p__Ascomycota;c__Sordariomycetes;o__Hypocreales;f__Nectriaceae	0.9999990201304754
adfa2a39221d0367e3cf70f0a2507a58	k__Fungi	1.0000000000000047
660156e86c9fd7ee57924be6b82a26f8	k__Fungi;p__Ascomycota;c__Sordariomycetes;o__Hypocreales;f__Nectriaceae;g__Gibberella;s__Gibberella_avenacea	0.9968774739603834
d48be023af65082fe30a56cabc995576	k__Fungi;p__Ascomycota;c__Dothideomycetes;o__Capnodiales;f__Cladosporiaceae;g__Cladosporium;s__Cladosporium_sp	0.9446073419846835
22fc46878e5363e326d6178a3fa699d9	k__Fungi;p__Basidiomycota;c__Tremellomycetes;o__Tremellales;f__Bulleribasidiaceae;g__Hannaella;s__Hannaella_oryzae	0.9992502918459009
5f1f07b542105e293a3ee59f2b4b25d0	k__Fungi;p__Ascomycota;c__Dothideomycetes;o__Capnodiales;f__Dissoconiaceae;g__Uwebraunia;s__Uwebraunia_musae	0.9999984910928974
523ca182118f5220245fe22fba9fd5b5	k__Fungi;p__Basidiomycota;c__Tremellomycetes;o__Cystofilobasidiales;f__Cystofilobasidiaceae;g__Cystofilobasidium;s__Cystofilobasidium_macerans	0.9999885920019127
b7c45f0bf1c8bd16c06c35cae9bbb6f5	k__Fungi;p__Ascomycota;c__Dothideomycetes;o__Pleosporales;f__Didymellaceae;g__Pseudopeyronellaea;s__Pseudopeyronellaea_eucalypti	0.9992892742127943
b698320c6d55539ae0da6dbe725fbe07	k__Fungi;p__Basidiomycota;c__Tremellomycetes;o__Tremellales;f__Bulleribasidiaceae;g__Vishniacozyma;s__Vishniacozyma_heimaeyensis	0.999990518382278
6cbd779691cecccdb891d402515dc2f9	k__Fungi;p__Ascomycota;c__Dothideomycetes;o__Pleosporales;f__Pleosporaceae;g__Alternaria	0.9991102138918379
e0e27848039012f62e821be392700a4c	k__Fungi;p__Basidiomycota;c__Tremellomycetes;o__Filobasidiales;f__Filobasidiaceae;g__Filobasidium;s__Filobasidium_sp	0.996825664228835
7bdacc175fa59d9038fbd93289e1359e	k__Fungi;p__Ascomycota;c__Sordariomycetes;o__Amphisphaeriales;f__Pestalotiopsidaceae;g__Neopestalotiopsis;s__Neopestalotiopsis_foedans	0.8113415394065199
39e8977f5ca6e11a0209638b33cc9f6b	k__Fungi;p__Basidiomycota;c__Microbotryomycetes;o__Sporidiobolales;f__Sporidiobolaceae;g__Sporobolomyces;s__Sporobolomyces_ruberrimus	0.9990186299281861
e31711399dc2fd9a2c2758fb597d4916	k__Fungi;p__Ascomycota;c__Dothideomycetes;o__Mycosphaerellales;f__Mycosphaerellaceae;g__Cercospora;s__Cercospora_coniogrammes	0.9999670932666809
7e9902024b3327be7e13185f5dbd194e	k__Fungi	1.0000000000000009
92c920072bb3ecf07fedcac9ce9a2568	k__Fungi;p__Basidiomycota;c__Wallemiomycetes;o__Wallemiales;f__Wallemiaceae;g__Wallemia;s__Wallemia_muriae	0.9996903739326287
83b7545d592023495cb3d3bc150651c4	k__Fungi;p__Basidiomycota;c__Microbotryomycetes;o__Sporidiobolales;f__Sporidiobolaceae;g__Sporobolomyces;s__Sporobolomyces_ruberrimus	0.9922696384874875
31c65532ee3b35bc4401ef61739d1450	k__Fungi;p__Ascomycota;c__Dothideomycetes;o__Pleosporales;f__Didymellaceae;g__Pseudopeyronellaea;s__Pseudopeyronellaea_eucalypti	0.9995517061744593
bcaa8da9ab1d60e65e1bbb9b1a38ee2e	k__Fungi;p__Basidiomycota;c__Tremellomycetes;o__Tremellales;f__Bulleribasidiaceae;g__Vishniacozyma;s__Vishniacozyma_heimaeyensis	0.9999645097341392
1f1d4920daddd543f27ab210498c748b	k__Fungi;p__Basidiomycota;c__Agaricomycetes;o__Auriculariales;f__Exidiaceae;g__Exidia;s__Exidia_glandulosa	0.9629514937198014
943c59957cb04f4f844dbd20007dfc98	k__Fungi;p__Basidiomycota;c__Tremellomycetes;o__Cystofilobasidiales;f__Mrakiaceae;g__Itersonilia;s__Itersonilia_pannonica	0.9999834615318799
f06693c60d69cb8a101df90bbbbe6977	k__Fungi;p__Ascomycota;c__Leotiomycetes;o__Helotiales;f__Sclerotiniaceae;g__Botrytis;s__Botrytis_caroliniana	0.7399164049772634
0538524fc6413c92c7bcbf38e49d2684	k__Fungi;p__Ascomycota;c__Dothideomycetes;o__Pleosporales;f__Pleosporaceae;g__Alternaria	0.9987579293531679
b722f9f26d8440685cff8270e733afb5	k__Fungi;p__Ascomycota;c__Dothideomycetes;o__Pleosporales;f__Pleosporaceae;g__Alternaria;s__Alternaria_prunicola	0.731682484936352
54038f9d7a70ec6f27ef28a0c5a21004	k__Fungi;p__Basidiomycota;c__Tremellomycetes;o__Tremellales;f__Bulleribasidiaceae;g__Vishniacozyma;s__Vishniacozyma_heimaeyensis	0.9999997565361566
20f9a8be4abbcc2fe253cb160a14cb21	k__Fungi;p__Ascomycota;c__Sordariomycetes;o__Hypocreales;f__Nectriaceae;g__Gibberella;s__Gibberella_avenacea	0.991569105536923
9ffcaff56b0213ded9be13066645b51d	k__Fungi;p__Basidiomycota;c__Tremellomycetes;o__Tremellales;f__Bulleribasidiaceae;g__Vishniacozyma;s__Vishniacozyma_sp	0.7145949139305102
1e98a8da81fee9d63e9439272ebd79da	k__Fungi;p__Ascomycota;c__Dothideomycetes;o__Pleosporales;f__Didymellaceae;g__Pseudopeyronellaea;s__Pseudopeyronellaea_eucalypti	0.993673919799626
fb6dbc41e83fe2a0f21e72128a6f30dd	k__Fungi;p__Basidiomycota;c__Agaricomycetes;o__Agaricales;f__Schizophyllaceae;g__Schizophyllum	0.999920410119222
4e8f2b61ae159e178d2259fd3d9c1543	k__Fungi	1.0000000000000095
20bd34542034be333556de2af6e14066	k__Fungi;p__Ascomycota;c__Dothideomycetes;o__Pleosporales;f__Didymellaceae;g__Pseudopeyronellaea;s__Pseudopeyronellaea_eucalypti	0.9929739469298676
fc4435f2cd1e202209f506cc4c38d2f3	k__Fungi;p__Ascomycota;c__Dothideomycetes;o__Pleosporales	0.9660709410899696
9eb5df97722cb00ce311851f398c2fc8	k__Fungi;p__Ascomycota;c__Dothideomycetes;o__Capnodiales;f__Cladosporiaceae;g__Cladosporium;s__Cladosporium_sp	0.9561093579820138
133d814590f333352fe6369df24948ad	k__Fungi	0.9999999999999961
19b489b4cacc0775cb70d49b2ce1df14	k__Fungi;p__Ascomycota;c__Sordariomycetes;o__Hypocreales;f__Hypocreales_fam_Incertae_sedis;g__Sarocladium;s__Sarocladium_strictum	0.9987127167045137
dd7eea5a6f12f4ce4a8151b4bc679484	k__Fungi	1.0000000000000069
1997b2dfd6893539699a502028d29606	k__Fungi;p__Ascomycota;c__Sordariomycetes;o__Hypocreales;f__Nectriaceae;g__Gibberella;s__Gibberella_avenacea	0.8732645721101997
cae8154ea65cf3a62dbbbc8832442bb5	k__Fungi;p__Ascomycota;c__Dothideomycetes;o__Pleosporales;f__Pleosporaceae;g__Alternaria;s__Alternaria_prunicola	0.8393007373346867
f30d99a32744d2ab1bbc274dc094a9e4	k__Fungi	0.9999999999999956
66fdeb076489be270030e19b4d1ac8c8	k__Fungi;p__Ascomycota;c__Sordariomycetes;o__Trichosphaeriales;f__Trichosphaeriaceae;g__Nigrospora;s__Nigrospora_oryzae	0.9968196343806132
63acf240567c186135acea06da3a24af	k__Fungi;p__Ascomycota;c__Sordariomycetes;o__Hypocreales;f__Hypocreales_fam_Incertae_sedis;g__Sarocladium;s__Sarocladium_strictum	0.9990757197919978
17b5ec6002e5ddae07853bfef8a35b21	k__Fungi	0.9999999999999992
a11171b9940ae0c49752408a42bb7a76	k__Fungi;p__Ascomycota;c__Dothideomycetes;o__Pleosporales;f__Didymellaceae;g__Pseudopeyronellaea;s__Pseudopeyronellaea_eucalypti	0.9997114616792553
4910bd193066ab5658f6b2ee80e38dc4	k__Fungi;p__Ascomycota;c__Sordariomycetes;o__Amphisphaeriales;f__Pestalotiopsidaceae;g__Neopestalotiopsis;s__Neopestalotiopsis_foedans	0.8893458756680735
f3627a32dd09371594a173a4931f11f9	k__Fungi;p__Ascomycota;c__Sordariomycetes;o__Glomerellales;f__Glomerellaceae;g__Colletotrichum;s__Colletotrichum_gloeosporioides	0.9993082774153741
dea08dc80c34d9f218bc054873c3ffb8	k__Fungi;p__Basidiomycota;c__Malasseziomycetes;o__Malasseziales;f__Malasseziaceae;g__Malassezia;s__Malassezia_dermatis	0.9999862059961053
2f2d5d045ff056bf6c82e018a22e2793	k__Fungi;p__Ascomycota;c__Dothideomycetes;o__Pleosporales;f__Pleosporaceae;g__Alternaria;s__Alternaria_prunicola	0.827227834380469
648081c5219b852fab45e744c4d51d28	k__Fungi;p__Ascomycota;c__Dothideomycetes;o__Pleosporales;f__Pleosporaceae;g__Alternaria;s__Alternaria_prunicola	0.8953817502746508
14535fd6bd8003f066cf8d4403282a21	k__Fungi;p__Ascomycota;c__Saccharomycetes;o__Saccharomycetales	0.8235043797388192
67e84d9ab4619bd421d2a262b3c9db86	k__Fungi;p__Ascomycota;c__Dothideomycetes;o__Dothideales;f__Saccotheciaceae;g__Aureobasidium;s__Aureobasidium_pullulans	0.9942261260377445
68359dc45ac58cce61dbdad2c29778aa	k__Fungi;p__Basidiomycota;c__Microbotryomycetes;o__Sporidiobolales;f__Sporidiobolaceae;g__Rhodotorula;s__Rhodotorula_paludigena	0.9998610934277621
b435bb4482fc27854b57490dd928ee9f	k__Fungi;p__Ascomycota;c__Dothideomycetes;o__Capnodiales;f__Cladosporiaceae;g__Cladosporium;s__Cladosporium_sp	0.9399237212451818
cea1b15cca24f0576f961f5892b2e8a5	k__Fungi;p__Ascomycota;c__Dothideomycetes;o__Capnodiales;f__Dissoconiaceae;g__Dissoconium;s__Dissoconium_proteae	0.9974886561993859
a2a02aa53df0a2c2c6c2cee63bbd0bcb	k__Fungi;p__Ascomycota;c__Dothideomycetes;o__Pleosporales;f__Didymellaceae;g__Pseudopeyronellaea;s__Pseudopeyronellaea_eucalypti	0.9697874839640589
31899ad435932036d2fbaa56375d022e	k__Fungi;p__Ascomycota;c__Dothideomycetes;o__Capnodiales;f__Cladosporiaceae;g__Cladosporium;s__Cladosporium_herbarum	0.9929794647926203
7079f6135659119164656cee33222f6b	k__Fungi;p__Basidiomycota;c__Tremellomycetes;o__Tremellales;f__Rhynchogastremataceae;g__Papiliotrema;s__Papiliotrema_odontotermitis	0.7844842625263172
157d775f61ec51fe2ff2e1683159a99a	k__Fungi;p__Ascomycota	0.9027076805161126
b7a80a23a4d7be9554c2260e6a6d2e9f	k__Fungi;p__Ascomycota;c__Dothideomycetes;o__Mycosphaerellales;f__Teratosphaeriaceae;g__Catenulostroma;s__Catenulostroma_protearum	0.8871842753842281
5fb2aac8ab6f79a53cdf31b1988beb20	k__Fungi;p__Ascomycota;c__Dothideomycetes;o__Dothideales;f__Saccotheciaceae;g__Aureobasidium;s__Aureobasidium_pullulans	0.9973718701450242
8e5081f9110f441fb711c372acdebcec	k__Fungi;p__Ascomycota;c__Dothideomycetes;o__Capnodiales;f__Cladosporiaceae;g__Cladosporium;s__Cladosporium_sp	0.8917963069040352
c097ee5de2867953f4273f45730a9bf8	k__Fungi;p__Ascomycota;c__Dothideomycetes;o__Mycosphaerellales;f__Mycosphaerellaceae;g__Cercospora;s__Cercospora_coniogrammes	0.9999655383602016
c89c50eb9ef0f4d768587c01c701f372	k__Fungi;p__Ascomycota;c__Saccharomycetes;o__Saccharomycetales;f__Pichiaceae;g__Pichia;s__Pichia_cephalocereana	0.999410392415529
17e4030c1ced1f88a4c65c79c7c078ec	k__Fungi;p__Ascomycota;c__Dothideomycetes;o__Dothideales;f__Saccotheciaceae;g__Aureobasidium;s__Aureobasidium_pullulans	0.9964608454182644
56596dca998fc58782a4bd9bb82f79a6	k__Fungi	1.0000000000000098
d09df87a64a0cce5268bac27fdd3c73f	k__Fungi;p__Ascomycota;c__Saccharomycetes;o__Saccharomycetales;f__Pichiaceae;g__Pichia;s__Pichia_cephalocereana	0.9961237530218775
1a85229d8ea1f21879f5fa03fd21de34	k__Fungi;p__Ascomycota;c__Sordariomycetes	0.9651688860744695
2cf3214a2feef733613fa1860c68419c	k__Fungi;p__Ascomycota;c__Sordariomycetes;o__Trichosphaeriales;f__Trichosphaeriaceae;g__Nigrospora;s__Nigrospora_oryzae	0.8112382954723633
616e5e2972dad671861a6afbc63dff33	k__Fungi	1.0000000000000075
76fa64c199a7dda3f4031a53577f4b62	k__Fungi;p__Ascomycota;c__Dothideomycetes;o__Pleosporales;f__Amorosiaceae;g__Angustimassarina;s__Angustimassarina_acerina	0.9940080012402595
db1fbaa30be1e21263ee00676ba82a37	k__Fungi;p__Ascomycota;c__Dothideomycetes;o__Dothideales;f__Saccotheciaceae;g__Aureobasidium;s__Aureobasidium_pullulans	0.9971088910098116
cc4b5e5b560cba59b063893ce36129dc	k__Fungi;p__Basidiomycota;c__Microbotryomycetes;o__Sporidiobolales;f__Sporidiobolaceae;g__Sporobolomyces;s__Sporobolomyces_ruberrimus	0.9991635141505296
22ccfe0a91919b51a7d9c998c5414355	k__Fungi;p__Ascomycota;c__Dothideomycetes;o__Capnodiales;f__Dissoconiaceae;g__Dissoconium;s__Dissoconium_proteae	0.9998426747170065
e531155f778c0e9c31001ab9734c50a7	k__Fungi;p__Ascomycota;c__Sordariomycetes;o__Hypocreales;f__Nectriaceae;g__Gibberella;s__Gibberella_avenacea	0.9959765544853936
786dc9acc34e9259aa4b6b2b8e99ccfc	k__Fungi;p__Ascomycota;c__Dothideomycetes;o__Dothideales;f__Saccotheciaceae;g__Aureobasidium;s__Aureobasidium_pullulans	0.9936191037761992
f52185195915037f45665a33e4bd9d93	k__Fungi;p__Ascomycota	0.9504895613503761
e3672bdb982cbb7603190e6fb6d7bd99	k__Fungi;p__Ascomycota;c__Leotiomycetes;o__Helotiales;f__Sclerotiniaceae;g__Botrytis;s__Botrytis_caroliniana	0.9766054040000678
a45a2b5cfd6b1dac32897d93fb65e7cb	k__Fungi	1.0000000000000138
7dacc9960263a03a15e17e4bf08990dc	k__Fungi;p__Ascomycota;c__Saccharomycetes;o__Saccharomycetales	0.8351024536058268
12e02468d999529ef74012bccf5deb76	k__Fungi;p__Ascomycota;c__Sordariomycetes;o__Hypocreales;f__Hypocreales_fam_Incertae_sedis;g__Sarocladium;s__Sarocladium_strictum	0.9985813072250008
aed3f11f2089534947a585ee2af97edf	k__Fungi;p__Ascomycota;c__Dothideomycetes;o__Dothideales;f__Saccotheciaceae;g__Aureobasidium;s__Aureobasidium_pullulans	0.9988769973048346
3d7108517d65b68b604219a57be42e2e	k__Fungi	0.9999999999999944
4218a79c8627d37f6e732018f8ae0376	k__Fungi;p__Ascomycota;c__Saccharomycetes;o__Saccharomycetales	0.7008392224958108
c012674be805449d373991e0f631679a	k__Fungi;p__Ascomycota;c__Sordariomycetes;o__Hypocreales;f__Nectriaceae;g__Gibberella;s__Gibberella_avenacea	0.9443075946903758
7d6c1bd8067aec1b3b34bb8a794b3d72	k__Fungi;p__Ascomycota	0.9213478620071895
31b7c83bf48df46e5db4e58df02e067c	k__Fungi;p__Ascomycota;c__Leotiomycetes;o__Helotiales;f__Chaetomellaceae;g__Chaetomella	0.7944362478969048
7ec8ea05303352c09cca9b7e4a9234c6	k__Fungi;p__Ascomycota;c__Sordariomycetes;o__Hypocreales;f__Stachybotryaceae;g__Striaticonidium	0.9962342040348954
569f20a965cfe3fd5ab1f0a602b1dbbf	k__Fungi	0.9999999999999951
3287ead61476ef0fc6978b26ef896dd7	k__Fungi;p__Basidiomycota;c__Tremellomycetes;o__Tremellales;f__Bulleribasidiaceae;g__Bulleribasidium;s__Bulleribasidium_variabile	0.9423256819987205
4cd789c5be25ba5d3a9c73b64250da09	k__Fungi;p__Basidiomycota;c__Tremellomycetes;o__Tremellales;f__Bulleribasidiaceae;g__Dioszegia;s__Dioszegia_takashimae	0.7029733824289136
e2660bdfd5f464f4a50237566021fa0d	k__Fungi;p__Ascomycota;c__Sordariomycetes	0.9282742092818602
8d52b3cfaa94ebd08f8215f231b05c48	k__Fungi;p__Ascomycota;c__Sordariomycetes;o__Xylariales	0.7962498874592902
09e705883d31ad2cef569f318ad3c3c4	k__Fungi;p__Ascomycota;c__Leotiomycetes	0.7453468424498213
2a3c2e31c096cf274dad04cbac96a97d	k__Fungi;p__Ascomycota;c__Dothideomycetes;o__Mycosphaerellales;f__Mycosphaerellaceae;g__Zasmidium;s__Zasmidium_nocoxi	0.9999957979176667
7474994920a2a529c3242c0dad0ce47e	k__Fungi;p__Ascomycota;c__Dothideomycetes;o__Pleosporales;f__Pleosporaceae;g__Alternaria;s__Alternaria_prunicola	0.883126819885594
3052e78a256c7b821980f0f5a9493d93	k__Fungi;p__Basidiomycota;c__Microbotryomycetes;o__Sporidiobolales;f__Sporidiobolaceae;g__Rhodotorula;s__Rhodotorula_mucilaginosa	0.9780961645429523
46ceccdfa4a8223cc4ec761ae3cda22b	k__Fungi;p__Ascomycota;c__Dothideomycetes;o__Pleosporales	0.9169911195951349
4e26a07d2d11acf50356f934a4ed17ba	k__Fungi	0.999999999999997
2f122218205c19b344648141eaead932	k__Fungi;p__Ascomycota;c__Sordariomycetes;o__Hypocreales;f__Hypocreales_fam_Incertae_sedis;g__Sarocladium;s__Sarocladium_strictum	0.9996869680189894
e87649e5d2220d0041b470e0e862dfd1	k__Fungi;p__Basidiomycota;c__Agaricomycetes;o__Agaricales	0.9999967554358218
bcda0a485f77f7a75cc3ae49b5c1078f	k__Fungi;p__Basidiomycota	0.7852598704456858
61266a046a2f3169d0feaac50c27fb9f	k__Fungi;p__Ascomycota;c__Dothideomycetes;o__Dothideales;f__Saccotheciaceae;g__Aureobasidium;s__Aureobasidium_pullulans	0.9983591705137652
f5f5d034a027f1947a4ea5eb4ae30e4e	k__Fungi;p__Basidiomycota;c__Cystobasidiomycetes;o__Cystobasidiomycetes_ord_Incertae_sedis;f__Symmetrosporaceae;g__Symmetrospora;s__Symmetrospora_coprosmae	0.9981015061275949
8e4ffd4c3dcb468cb7af7bd06fa046c9	k__Fungi;p__Ascomycota;c__Sordariomycetes;o__Glomerellales;f__Plectosphaerellaceae;g__Verticillium;s__Verticillium_dahliae	0.7226268413213862
dea19071e4f552ce4645d2052488315b	k__Fungi;p__Ascomycota;c__Dothideomycetes;o__Dothideales;f__Saccotheciaceae;g__Aureobasidium;s__Aureobasidium_pullulans	0.9959756784874793
