index,d__Bacteria;p__Bacteroidota;c__Bacteroidia;o__Bacteroidales;f__Marinilabiliaceae;g__JC017;s__JC017 sp004296775,d__Bacteria;p__Firmicutes_D;c__Bacilli;o__DSM-16016;f__Caldibacillaceae;g__Bacillus_J;s__Bacillus_J thermoamylovorans,d__Bacteria;p__Deinococcota;c__Deinococci;o__Deinococcales;f__Thermaceae_405955;g__Thermus_A;__,d__Bacteria;p__Firmicutes_A;c__Thermoanaerobacteria;o__Thermoanaerobacterales_43504;f__Thermoanaerobacteraceae_43502;g__Thermoanaerobacterium;s__,d__Bacteria;p__Deinococcota;c__Deinococci;o__Deinococcales;f__Thermaceae_405955;g__Meiothermus_B_405754;s__Meiothermus_B_405754 silvanus,d__Bacteria;p__Firmicutes_D;c__Bacilli;o__Lactobacillales;f__Enterococcaceae;g__Tetragenococcus;s__Tetragenococcus halophilus,d__Bacteria;p__Deinococcota;c__Deinococci;o__Deinococcales;f__Deinococcaceae;g__Deinococcus_B;s__Deinococcus_B geothermalis,d__Bacteria;p__Proteobacteria;c__Alphaproteobacteria;o__Acetobacterales;f__Acetobacteraceae;g__Komagataeibacter;s__Komagataeibacter saccharivorans,d__Bacteria;p__Firmicutes_D;c__Bacilli;o__Bacillales_B_306089;f__Aeribacillaceae;g__Aeribacillus;s__Aeribacillus composti,d__Bacteria;p__Firmicutes_D;c__Bacilli;o__DSM-16016;f__Caldibacillaceae;g__Bacillus_J;__,d__Bacteria;p__Firmicutes_D;c__Bacilli;o__Bacillales_B_306089;f__Anoxybacillaceae;__;__,d__Bacteria;p__Firmicutes_D;c__Bacilli;o__Bacillales_B_306089;f__Anoxybacillaceae;g__Geobacillus;s__Geobacillus stearothermophilus,d__Bacteria;__;__;__;__;__;__,d__Bacteria;p__Proteobacteria;c__Gammaproteobacteria;o__Enterobacterales_A_737866;f__Enterobacteriaceae_A;__;__,d__Bacteria;p__Proteobacteria;c__Alphaproteobacteria;o__Acetobacterales;f__Acetobacteraceae;g__Komagataeibacter;__,d__Bacteria;p__Deinococcota;c__Deinococci;o__Deinococcales;f__Thermaceae_405955;g__Meiothermus_B_405753;s__,d__Bacteria;p__Firmicutes_D;c__Bacilli;o__Bacillales_B_302584;f__Bacillaceae_C;g__Weizmannia;s__Weizmannia coagulans,d__Bacteria;p__Firmicutes_D;c__Bacilli;o__DSM-22653;f__DSM-22653;g__Hydrogenibacillus;s__Hydrogenibacillus schlegelii,d__Bacteria;p__Proteobacteria;c__Alphaproteobacteria;o__Acetobacterales;f__Acetobacteraceae;g__Acetobacter;s__Acetobacter malorum,d__Bacteria;p__Firmicutes_D;c__Bacilli;o__Tumebacillales;f__Tumebacillaceae;g__Tumebacillus_A;__,d__Bacteria;p__Firmicutes_D;c__Bacilli;o__Bacillales_B_306089;f__Anoxybacillaceae;g__Parageobacillus_294456;__,d__Bacteria;p__Actinobacteriota;c__Rubrobacteria;o__Rubrobacterales;f__Rubrobacteraceae;g__Rubrobacter_B_405439;s__Rubrobacter_B_405439 xylanophilus,d__Bacteria;p__Actinobacteriota;c__Actinomycetia;o__Actinomycetales;f__Micrococcaceae;g__Micrococcus;__,d__Bacteria;p__Firmicutes_D;c__Bacilli;o__Calditerricolales;f__Calditerricolaceae;g__Calditerricola;s__Calditerricola satsumensis,d__Bacteria;p__Actinobacteriota;c__Rubrobacteria;o__Rubrobacterales;f__Rubrobacteraceae;g__Rubrobacter_A_405431;s__Rubrobacter_A_405431 radiotolerans,d__Bacteria;p__Deinococcota;c__Deinococci;o__Deinococcales;f__Thermaceae_405955;g__Thermus_A;s__Thermus_A thermophilus,d__Bacteria;p__Proteobacteria;c__Gammaproteobacteria;o__Enterobacterales_A_737866;f__Enterobacteriaceae_A;g__Escherichia_710834;__,d__Bacteria;p__Firmicutes_D;c__Bacilli;o__Bacillales_B_302584;f__Bacillaceae_C;g__Weizmannia;__,d__Bacteria;p__Proteobacteria;c__Alphaproteobacteria;o__Acetobacterales;f__Acetobacteraceae;g__Gluconobacter_C;__,d__Bacteria;p__Proteobacteria;c__Alphaproteobacteria;o__Rickettsiales;f__Anaplasmataceae;g__Wolbachia;s__Wolbachia pipientis_A_550493,d__Bacteria;p__Proteobacteria;c__Alphaproteobacteria;o__Acetobacterales;f__Acetobacteraceae;g__Gluconobacter_C;s__Gluconobacter_C oxydans_506076,d__Bacteria;p__Firmicutes_A;c__Thermoanaerobacteria;o__Caldicellulosiruptorales;f__Caldicellulosiruptoraceae;g__Caldicellulosiruptor;__,d__Bacteria;p__Actinobacteriota;c__Actinomycetia;o__Mycobacteriales;f__Mycobacteriaceae;g__Corynebacterium;__,d__Bacteria;p__Proteobacteria;c__Alphaproteobacteria;o__Acetobacterales;f__Acetobacteraceae;g__Komagataeibacter;s__Komagataeibacter intermedius,d__Bacteria;p__Proteobacteria;c__Alphaproteobacteria;o__Acetobacterales;f__Acetobacteraceae;g__Tanticharoenia;s__Tanticharoenia sakaeratensis,d__Bacteria;p__Proteobacteria;c__Alphaproteobacteria;o__Acetobacterales;f__Acetobacteraceae;g__Acetobacter;s__Acetobacter persici,d__Bacteria;p__Proteobacteria;c__Alphaproteobacteria;o__Rhizobiales_A_504705;f__Beijerinckiaceae;g__Methylobacterium;s__Methylobacterium komagatae,d__Bacteria;p__Proteobacteria;c__Alphaproteobacteria;o__Rhizobiales_A_504705;f__Beijerinckiaceae;g__Methylobacterium;__,d__Bacteria;p__Actinobacteriota;c__Actinomycetia;o__Actinomycetales;f__Microbacteriaceae;g__Curtobacterium;__,d__Bacteria;p__Proteobacteria;c__Alphaproteobacteria;o__Rhizobiales_A_504705;f__Beijerinckiaceae;g__Methylobacterium;s__Methylobacterium sp001424705,d__Bacteria;p__Proteobacteria;c__Alphaproteobacteria;o__Sphingomonadales;f__Sphingomonadaceae;g__Sphingomonas_L_486704;__,d__Bacteria;p__Proteobacteria;c__Gammaproteobacteria;o__Burkholderiales_592524;f__Burkholderiaceae_A_574758;g__Massilia;__,d__Bacteria;p__Proteobacteria;c__Gammaproteobacteria;o__Pseudomonadales_660879;f__Moraxellaceae;g__Acinetobacter;__,d__Bacteria;p__Proteobacteria;c__Alphaproteobacteria;o__Rhizobiales_A_504705;f__Xanthobacteraceae_503485;g__Bradyrhizobium;__,d__Bacteria;p__Proteobacteria;c__Gammaproteobacteria;o__Burkholderiales_592522;f__Burkholderiaceae_A_592522;g__Comamonas_F_589250;__,d__Bacteria;p__Proteobacteria;c__Alphaproteobacteria;o__Acetobacterales;f__Acetobacteraceae;g__Gluconobacter_B;s__Gluconobacter_B wancherniae,d__Bacteria;p__Proteobacteria;c__Gammaproteobacteria;o__Pseudomonadales_650611;f__Pseudomonadaceae;g__Pseudomonas_B_650451;__,d__Bacteria;p__Actinobacteriota;c__Actinomycetia;o__Actinomycetales;f__Kineococcaceae;g__Kineococcus;__,d__Bacteria;p__Actinobacteriota;c__Thermoleophilia;o__Solirubrobacterales;f__Solirubrobacteraceae_405335;g__Patulibacter;s__Patulibacter minatonensis,d__Bacteria;p__Proteobacteria;c__Alphaproteobacteria;o__Sphingomonadales;f__Sphingomonadaceae;g__Sphingomonas_N;s__Sphingomonas_N morindae,d__Bacteria;p__Proteobacteria;c__Alphaproteobacteria;o__Sphingomonadales;f__Sphingomonadaceae;g__Sphingomonas_L_486704;s__Sphingomonas_L_486704 sp001421995,d__Bacteria;p__Firmicutes_A;c__Thermoanaerobacteria;o__Thermoanaerobacterales_43504;f__Thermoanaerobacteraceae_43502;g__Thermoanaerobacter;__,d__Bacteria;p__Proteobacteria;c__Gammaproteobacteria;o__Burkholderiales_592522;f__Burkholderiaceae_A_592522;g__Ramlibacter_588642;__,d__Bacteria;p__Proteobacteria;c__Gammaproteobacteria;o__Xanthomonadales_616009;f__Xanthomonadaceae_616009;g__Stenotrophomonas_A_615274;s__Stenotrophomonas_A_615274 maltophilia_615059,d__Bacteria;p__Proteobacteria;c__Alphaproteobacteria;o__Rhizobiales_A_501396;f__Rhizobiaceae_A_499470;g__Ochrobactrum_A_499024;s__Ochrobactrum_A_499024 pseudogrignonensis,d__Bacteria;p__Chloroflexota;c__Chloroflexia;o__Thermobaculales;f__Thermobaculaceae;g__Thermobaculum;s__Thermobaculum terrenum,d__Bacteria;p__Proteobacteria;c__Alphaproteobacteria;o__Acetobacterales;f__Acetobacteraceae;g__Gluconobacter_A_506042;s__Gluconobacter_A thailandicus,d__Bacteria;p__Proteobacteria;c__Alphaproteobacteria;o__Sphingomonadales;f__Sphingomonadaceae;g__Sphingomonas_L_486704;s__Sphingomonas_L_486704 phyllosphaerae,d__Bacteria;p__Proteobacteria;c__Gammaproteobacteria;o__Enterobacterales_A_737866;f__Enterobacteriaceae_A;g__Tatumella;s__Tatumella ptyseos,d__Bacteria;p__Firmicutes_C;c__Negativicutes;o__DSM-1736;f__Dendrosporobacteraceae;g__Dendrosporobacter;s__Dendrosporobacter quercicolus,d__Bacteria;p__Proteobacteria;c__Gammaproteobacteria;o__Pseudomonadales_660879;f__Moraxellaceae;__;__,d__Bacteria;p__Firmicutes_A;c__Thermoanaerobacteria;o__Caldicellulosiruptorales;f__Caldicellulosiruptoraceae;g__Caldicellulosiruptor;s__Caldicellulosiruptor acetigenus,d__Bacteria;p__Firmicutes_D;c__Bacilli;o__Staphylococcales;f__Staphylococcaceae;g__Staphylococcus;__,d__Bacteria;p__Actinobacteriota;c__Actinomycetia;o__Propionibacteriales;f__Propionibacteriaceae;g__Cutibacterium;s__Cutibacterium acnes,d__Bacteria;p__Firmicutes_D;c__Bacilli;o__Bacillales_B_306089;f__Bacillaceae_H_294103;g__Bacillus_P_294101;__,d__Bacteria;p__Proteobacteria;c__Alphaproteobacteria;o__Rhizobiales_A_504705;f__Beijerinckiaceae;g__Methylobacterium;s__Methylobacterium jeotgali,d__Bacteria;p__Proteobacteria;c__Alphaproteobacteria;o__Acetobacterales;f__Acetobacteraceae;g__Acetobacter;s__Acetobacter thailandicus,d__Bacteria;p__Proteobacteria;c__Alphaproteobacteria;o__Acetobacterales;f__Acetobacteraceae;g__Gluconobacter_A_506064;s__,d__Bacteria;p__Proteobacteria;c__Alphaproteobacteria;o__Acetobacterales;f__Acetobacteraceae;g__Gluconobacter_C;s__,d__Bacteria;p__Proteobacteria;c__Gammaproteobacteria;o__Enterobacterales_A_737866;f__Enterobacteriaceae_A;g__Gilliamella;s__Gilliamella apicola_A,d__Bacteria;p__Proteobacteria;c__Gammaproteobacteria;o__Enterobacterales_A_737866;f__Enterobacteriaceae_A;g__Gilliamella;__,d__Bacteria;p__Aquificota;c__Aquificae;o__Aquificales;f__Aquificaceae;g__;s__,d__Bacteria;p__Actinobacteriota;c__Actinomycetia;o__Mycobacteriales;f__Mycobacteriaceae;g__Lawsonella;__,d__Bacteria;p__Firmicutes_D;c__Bacilli;o__DSM-22653;f__DSM-22653;g__Hydrogenibacillus;s__,d__Bacteria;p__Proteobacteria;c__Gammaproteobacteria;o__Enterobacterales_A_737866;__;__;__,d__Bacteria;p__Proteobacteria;c__Gammaproteobacteria;o__Pseudomonadales_650611;f__Pseudomonadaceae;g__Pseudomonas_E_647464;__,d__Bacteria;p__Proteobacteria;c__Gammaproteobacteria;o__Enterobacterales_A_737866;f__Enterobacteriaceae_A;g__Gilliamella;s__Gilliamella intestini,d__Bacteria;p__Proteobacteria;c__Alphaproteobacteria;o__Rhizobiales_A_504705;f__Beijerinckiaceae;g__Methylobacterium;s__Methylobacterium aerolatum,d__Bacteria;p__Firmicutes_D;c__Bacilli;o__Lactobacillales;f__Lactobacillaceae;g__Lacticaseibacillus;__,d__Bacteria;p__Proteobacteria;c__Alphaproteobacteria;o__Rhizobiales_A_500279;f__Rhizobiaceae_A_500279;g__Neorhizobium;__,d__Bacteria;p__Chloroflexota;c__Chloroflexia;__;__;__;__,d__Bacteria;p__Actinobacteriota;c__Rubrobacteria;o__Rubrobacterales;f__Rubrobacteraceae;g__Rubrobacter_B_405439;__,d__Bacteria;p__Firmicutes_D;c__Bacilli;o__Bacillales_B_306089;f__Anoxybacillaceae;g__;s__,d__Bacteria;p__Actinobacteriota;c__Actinomycetia;o__Mycobacteriales;f__Pseudonocardiaceae;g__Actinomycetospora;__,d__Bacteria;p__Aquificota;c__Aquificae;o__Aquificales;f__Aquificaceae;__;__,d__Bacteria;p__Actinobacteriota;c__Actinomycetia;o__Actinomycetales;f__Microbacteriaceae;g__Pseudoclavibacter_A_383705;s__Pseudoclavibacter_A_383705 alba,d__Bacteria;p__Firmicutes_D;c__Bacilli;o__Bacillales_B_306089;f__Anoxybacillaceae;g__Geobacillus;__,d__Bacteria;p__Actinobacteriota;c__Actinomycetia;o__Actinomycetales;f__Microbacteriaceae;__;__,absolute_filepath,direction,col_id,sample_seq_id,treatment,berry-status,treat_one,treat_two,variety,period,replicate,col_date,seq_date,index1_i7,index2_i5,project_name,plate,conc,norm,pool,country,state,county,locality,property,owner,lat,lon
gsr01,1090.0,2142.0,1087.0,641.0,654.0,432.0,794.0,378.0,458.0,249.0,971.0,310.0,274.0,274.0,339.0,123.0,174.0,141.0,146.0,141.0,109.0,118.0,89.0,76.0,34.0,58.0,57.0,31.0,3.0,2.0,1.0,0.0,0.0,0.0,0.0,0.0,0.0,0.0,0.0,0.0,0.0,0.0,0.0,0.0,0.0,0.0,0.0,0.0,0.0,0.0,0.0,0.0,0.0,0.0,0.0,0.0,0.0,0.0,0.0,0.0,0.0,0.0,0.0,0.0,0.0,0.0,0.0,0.0,0.0,0.0,0.0,0.0,0.0,0.0,0.0,0.0,0.0,0.0,0.0,0.0,0.0,0.0,0.0,0.0,0.0,0.0,0.0,0.0,/home/jblaise/scratch/gsr_raw_data/fastqs/its/gsr01_S116_L001_R1_001.fastq.gz,forward,mbT31,16s97,bT,Infected,NNet,MMax,merlot,4.0,1.0,9/27/2022,6/26/2023,N706,S503,GP22_GSR,2.0,477.9,477.9,3.4,USA,Maryland,Queen Anne,Hemsley Fortune Lane,winery,Wick Dudley,38.997394,-76.134463
gsr07,68.0,72.0,353.0,419.0,82.0,11.0,329.0,17.0,624.0,0.0,552.0,385.0,6.0,15.0,11.0,0.0,171.0,0.0,2.0,0.0,0.0,65.0,0.0,0.0,60.0,61.0,427.0,0.0,2.0,0.0,5.0,104.0,59.0,4.0,3.0,3.0,0.0,0.0,0.0,0.0,0.0,0.0,0.0,0.0,0.0,0.0,0.0,0.0,0.0,0.0,0.0,0.0,0.0,0.0,0.0,0.0,0.0,0.0,0.0,0.0,0.0,0.0,0.0,0.0,0.0,0.0,0.0,0.0,0.0,0.0,0.0,0.0,0.0,0.0,0.0,0.0,0.0,0.0,0.0,0.0,0.0,0.0,0.0,0.0,0.0,0.0,0.0,0.0,/home/jblaise/scratch/gsr_raw_data/fastqs/its/gsr07_S99_L001_R1_001.fastq.gz,forward,cBT31,16s103,BT,Infected,Net,MMax,carbfranc,4.0,1.0,9/27/2022,6/26/2023,N707,S502,GP22_GSR,2.0,399.2,399.2,4.0,USA,Maryland,Queen Anne,Hemsley Fortune Lane,winery,Wick Dudley,38.997394,-76.134463
gsr09,8346.0,43.0,220.0,125.0,164.0,243.0,133.0,0.0,328.0,0.0,396.0,137.0,1312.0,676.0,1572.0,0.0,0.0,0.0,2.0,54.0,0.0,0.0,0.0,0.0,0.0,0.0,72.0,0.0,0.0,0.0,2154.0,68.0,0.0,0.0,47.0,0.0,812.0,1108.0,301.0,230.0,473.0,128.0,107.0,61.0,88.0,76.0,40.0,35.0,54.0,33.0,32.0,39.0,24.0,37.0,40.0,34.0,22.0,7.0,2.0,0.0,0.0,0.0,0.0,0.0,0.0,0.0,0.0,0.0,0.0,0.0,0.0,0.0,0.0,0.0,0.0,0.0,0.0,0.0,0.0,0.0,0.0,0.0,0.0,0.0,0.0,0.0,0.0,0.0,/home/jblaise/scratch/gsr_raw_data/fastqs/its/gsr09_S105_L001_R1_001.fastq.gz,forward,vBT32,16s105,BT,Infected,Net,MMax,vidalblanc,4.0,2.0,10/7/2022,6/26/2023,N711,S502,GP22_GSR,2.0,395.1,395.1,4.1,USA,Maryland,Queen Anne,Hemsley Fortune Lane,winery,Wick Dudley,38.997394,-76.134463
mbT33,1054.0,0.0,201.0,348.0,2.0,0.0,363.0,0.0,275.0,0.0,701.0,191.0,261.0,0.0,0.0,0.0,289.0,0.0,0.0,0.0,0.0,0.0,4.0,0.0,39.0,0.0,338.0,0.0,0.0,0.0,0.0,9.0,0.0,0.0,0.0,0.0,0.0,0.0,0.0,0.0,0.0,0.0,70.0,0.0,0.0,0.0,0.0,0.0,0.0,0.0,0.0,0.0,0.0,0.0,0.0,0.0,0.0,0.0,0.0,78.0,0.0,0.0,0.0,0.0,0.0,0.0,0.0,0.0,0.0,0.0,0.0,0.0,0.0,0.0,0.0,0.0,0.0,0.0,0.0,0.0,0.0,0.0,0.0,0.0,0.0,0.0,0.0,0.0,/home/jblaise/scratch/gsr_raw_data/fastqs/its/mbT33_S70_L001_R1_001.fastq.gz,forward,mbT33,16s69,bT,healthy,NNet,MMax,merlot,3.0,3.0,9/27/2022,6/26/2023,N726,S508,GP22_GSR,1.0,385.4,385.4,4.2,USA,Maryland,Queen Anne,Hemsley Fortune Lane,winery,Wick Dudley,38.997394,-76.134463
vBT32,38.0,20.0,111.0,109.0,24.0,0.0,41.0,0.0,153.0,0.0,85.0,45.0,22.0,0.0,0.0,0.0,15.0,0.0,0.0,0.0,0.0,17.0,0.0,0.0,34.0,44.0,49.0,16.0,0.0,0.0,0.0,28.0,0.0,0.0,0.0,0.0,0.0,0.0,0.0,0.0,0.0,0.0,0.0,0.0,0.0,0.0,0.0,0.0,0.0,0.0,0.0,0.0,0.0,0.0,0.0,0.0,0.0,0.0,0.0,10.0,9.0,6.0,6.0,4.0,1.0,0.0,0.0,0.0,0.0,0.0,0.0,0.0,0.0,0.0,0.0,0.0,0.0,0.0,0.0,0.0,0.0,0.0,0.0,0.0,0.0,0.0,0.0,0.0,/home/jblaise/scratch/gsr_raw_data/fastqs/its/vBT32_S16_L001_R1_001.fastq.gz,forward,vBT32,16s86,BT,healthy,Net,MMax,vidalblanc,3.0,2.0,10/7/2022,6/26/2023,N718,S511,GP22_GSR,1.0,493.8,493.8,3.3,USA,Maryland,Queen Anne,Hemsley Fortune Lane,winery,Wick Dudley,38.997394,-76.134463
mbt33,1496.0,224.0,661.0,669.0,11.0,63.0,731.0,0.0,347.0,0.0,938.0,87.0,439.0,0.0,0.0,0.0,0.0,0.0,0.0,0.0,0.0,0.0,0.0,0.0,419.0,0.0,474.0,0.0,0.0,0.0,0.0,0.0,0.0,0.0,0.0,0.0,0.0,0.0,0.0,0.0,0.0,0.0,0.0,0.0,0.0,0.0,0.0,0.0,0.0,0.0,0.0,0.0,0.0,0.0,0.0,0.0,0.0,0.0,0.0,0.0,0.0,79.0,0.0,0.0,171.0,0.0,0.0,0.0,0.0,0.0,0.0,0.0,0.0,0.0,0.0,0.0,0.0,0.0,0.0,0.0,0.0,0.0,0.0,0.0,0.0,0.0,0.0,0.0,/home/jblaise/scratch/gsr_raw_data/fastqs/its/mbt33_S94_L001_R1_001.fastq.gz,forward,mbt33,16s72,bt,healthy,NNet,NMax,merlot,3.0,3.0,9/27/2022,6/26/2023,N729,S508,GP22_GSR,1.0,483.9,483.9,3.3,USA,Maryland,Queen Anne,Hemsley Fortune Lane,winery,Wick Dudley,38.997394,-76.134463
mbT31,190.0,0.0,338.0,404.0,133.0,94.0,286.0,0.0,493.0,0.0,695.0,82.0,101.0,76.0,0.0,0.0,384.0,0.0,0.0,0.0,0.0,0.0,0.0,0.0,109.0,0.0,428.0,0.0,0.0,0.0,0.0,0.0,0.0,0.0,51.0,0.0,0.0,2.0,0.0,0.0,0.0,0.0,0.0,0.0,0.0,0.0,0.0,0.0,0.0,0.0,0.0,0.0,0.0,0.0,0.0,0.0,0.0,0.0,0.0,0.0,0.0,0.0,0.0,0.0,0.0,47.0,0.0,0.0,0.0,0.0,0.0,0.0,0.0,0.0,0.0,0.0,0.0,0.0,0.0,0.0,0.0,0.0,0.0,0.0,0.0,0.0,0.0,0.0,/home/jblaise/scratch/gsr_raw_data/fastqs/its/mbT31_S54_L001_R1_001.fastq.gz,forward,mbT31,16s67,bT,healthy,NNet,MMax,merlot,3.0,1.0,9/27/2022,6/26/2023,N723,S508,GP22_GSR,1.0,432.2,432.2,3.7,USA,Maryland,Queen Anne,Hemsley Fortune Lane,winery,Wick Dudley,38.997394,-76.134463
gsr16,3699.0,136.0,120.0,195.0,211.0,0.0,452.0,66121.0,380.0,0.0,628.0,120.0,896.0,70888.0,91574.0,0.0,76.0,76.0,2088.0,44.0,0.0,63.0,94.0,0.0,75.0,0.0,144.0,0.0,19987.0,1009.0,845.0,149.0,0.0,0.0,712.0,700.0,0.0,0.0,44.0,0.0,38.0,0.0,0.0,0.0,0.0,5501.0,0.0,0.0,0.0,0.0,0.0,0.0,0.0,0.0,0.0,0.0,0.0,59.0,0.0,0.0,0.0,78.0,0.0,0.0,0.0,0.0,1549.0,602.0,299.0,81.0,18.0,2.0,0.0,0.0,0.0,0.0,0.0,0.0,0.0,0.0,0.0,0.0,0.0,0.0,0.0,0.0,0.0,0.0,/home/jblaise/scratch/gsr_raw_data/fastqs/its/gsr16_S126_L001_R1_001.fastq.gz,forward,vbt32,16s112,bt,Infected,NNet,NMax,vidalblanc,4.0,2.0,10/7/2022,6/26/2023,N704,S503,GP22_GSR,2.0,371.7,371.7,4.3,USA,Maryland,Queen Anne,Hemsley Fortune Lane,winery,Wick Dudley,38.997394,-76.134463
gsr04,23027.0,0.0,432.0,400.0,0.0,260.0,1063.0,647.0,1023.0,0.0,1359.0,500.0,1211.0,1176.0,283.0,0.0,47.0,0.0,345.0,0.0,0.0,88.0,0.0,0.0,61.0,0.0,410.0,0.0,53.0,2.0,1011.0,169.0,0.0,0.0,188.0,0.0,54.0,131.0,2.0,0.0,13.0,0.0,0.0,0.0,0.0,160.0,0.0,0.0,0.0,0.0,0.0,0.0,0.0,0.0,0.0,0.0,97.0,0.0,591.0,93.0,0.0,0.0,0.0,0.0,0.0,0.0,73.0,0.0,0.0,0.0,0.0,0.0,170.0,59.0,0.0,0.0,0.0,0.0,0.0,0.0,0.0,0.0,0.0,0.0,0.0,0.0,0.0,0.0,/home/jblaise/scratch/gsr_raw_data/fastqs/its/gsr04_S125_L001_R1_001.fastq.gz,forward,mbt31,16s100,bt,Infected,NNet,NMax,merlot,4.0,1.0,9/27/2022,6/26/2023,N704,S502,GP22_GSR,2.0,402.7,402.7,4.0,USA,Maryland,Queen Anne,Hemsley Fortune Lane,winery,Wick Dudley,38.997394,-76.134463
gsr08,50448.0,3.0,24.0,240.0,121.0,0.0,196.0,16937.0,31.0,0.0,160.0,65.0,21858.0,13474.0,0.0,0.0,100.0,0.0,1.0,0.0,0.0,0.0,0.0,0.0,2.0,195.0,170.0,12.0,3352.0,2765.0,96.0,100.0,0.0,0.0,9417.0,924.0,418.0,992.0,196.0,115.0,888.0,8.0,35.0,0.0,0.0,0.0,545.0,14.0,0.0,0.0,0.0,0.0,0.0,0.0,4.0,0.0,7217.0,18.0,3565.0,4.0,0.0,29.0,0.0,0.0,20.0,0.0,55.0,673.0,11.0,0.0,19.0,0.0,0.0,0.0,320.0,482.0,216.0,42.0,46.0,38.0,9.0,0.0,0.0,0.0,0.0,0.0,0.0,0.0,/home/jblaise/scratch/gsr_raw_data/fastqs/its/gsr08_S102_L001_R1_001.fastq.gz,forward,cbt33,16s104,bt,Infected,NNet,NMax,carbfranc,4.0,3.0,9/27/2022,6/26/2023,N710,S502,GP22_GSR,2.0,384.5,384.5,4.2,USA,Maryland,Queen Anne,Hemsley Fortune Lane,winery,Wick Dudley,38.997394,-76.134463
vbT33,14.0,172.0,644.0,497.0,163.0,62.0,920.0,0.0,229.0,0.0,1153.0,433.0,0.0,0.0,0.0,0.0,0.0,0.0,0.0,75.0,0.0,0.0,181.0,0.0,0.0,0.0,287.0,69.0,0.0,0.0,0.0,42.0,0.0,0.0,0.0,0.0,0.0,0.0,0.0,0.0,0.0,0.0,0.0,0.0,0.0,0.0,0.0,0.0,0.0,0.0,0.0,0.0,0.0,0.0,0.0,0.0,0.0,0.0,0.0,0.0,0.0,116.0,0.0,0.0,0.0,0.0,0.0,0.0,0.0,0.0,0.0,0.0,0.0,0.0,0.0,0.0,0.0,0.0,0.0,0.0,0.0,0.0,0.0,0.0,0.0,0.0,0.0,0.0,/home/jblaise/scratch/gsr_raw_data/fastqs/its/vbT33_S48_L001_R1_001.fastq.gz,forward,vbT33,16s90,bT,healthy,NNet,MMax,vidalblanc,3.0,3.0,10/7/2022,6/26/2023,N722,S511,GP22_GSR,1.0,440.8,440.8,3.7,USA,Maryland,Queen Anne,Hemsley Fortune Lane,winery,Wick Dudley,38.997394,-76.134463
mbT32,211.0,0.0,423.0,653.0,560.0,0.0,626.0,0.0,389.0,109.0,617.0,50.0,4.0,0.0,0.0,118.0,114.0,0.0,0.0,0.0,0.0,0.0,78.0,0.0,185.0,0.0,571.0,49.0,0.0,0.0,0.0,44.0,0.0,0.0,0.0,0.0,0.0,0.0,0.0,0.0,0.0,0.0,0.0,0.0,0.0,0.0,0.0,0.0,0.0,0.0,0.0,0.0,0.0,0.0,0.0,0.0,0.0,0.0,0.0,317.0,0.0,55.0,0.0,0.0,82.0,0.0,0.0,0.0,0.0,0.0,0.0,0.0,0.0,26.0,0.0,0.0,0.0,0.0,0.0,0.0,0.0,0.0,0.0,0.0,0.0,0.0,0.0,0.0,/home/jblaise/scratch/gsr_raw_data/fastqs/its/mbT32_S62_L001_R1_001.fastq.gz,forward,mbT32,16s68,bT,healthy,NNet,MMax,merlot,3.0,2.0,9/27/2022,6/26/2023,N724,S508,GP22_GSR,1.0,399.1,399.1,4.0,USA,Maryland,Queen Anne,Hemsley Fortune Lane,winery,Wick Dudley,38.997394,-76.134463
vbt31,101.0,0.0,746.0,427.0,157.0,201.0,321.0,0.0,55.0,0.0,790.0,558.0,0.0,0.0,0.0,0.0,176.0,0.0,0.0,0.0,0.0,0.0,0.0,0.0,0.0,0.0,1095.0,0.0,0.0,0.0,0.0,96.0,0.0,0.0,0.0,0.0,0.0,0.0,0.0,0.0,0.0,0.0,0.0,0.0,0.0,0.0,0.0,0.0,0.0,0.0,0.0,0.0,0.0,0.0,0.0,0.0,0.0,0.0,0.0,0.0,0.0,0.0,383.0,4.0,0.0,0.0,0.0,0.0,0.0,0.0,0.0,0.0,0.0,0.0,0.0,0.0,0.0,0.0,0.0,0.0,0.0,0.0,0.0,0.0,0.0,0.0,0.0,0.0,/home/jblaise/scratch/gsr_raw_data/fastqs/its/vbt31_S80_L001_R1_001.fastq.gz,forward,vbt31,16s94,bt,healthy,NNet,NMax,vidalblanc,3.0,1.0,10/7/2022,6/26/2023,N727,S511,GP22_GSR,1.0,464.4,464.4,3.5,USA,Maryland,Queen Anne,Hemsley Fortune Lane,winery,Wick Dudley,38.997394,-76.134463
gsr17,5046.0,136.0,768.0,829.0,71.0,28.0,536.0,7340.0,0.0,0.0,569.0,308.0,294.0,1372.0,7901.0,0.0,315.0,0.0,890.0,0.0,25.0,0.0,248.0,0.0,90.0,0.0,120.0,0.0,602.0,478.0,463.0,208.0,0.0,0.0,0.0,0.0,0.0,0.0,0.0,112.0,0.0,0.0,0.0,0.0,0.0,0.0,0.0,0.0,0.0,0.0,0.0,0.0,0.0,0.0,0.0,0.0,1814.0,0.0,0.0,0.0,149.0,64.0,0.0,0.0,0.0,0.0,413.0,272.0,21.0,0.0,3.0,0.0,0.0,59.0,0.0,0.0,0.0,0.0,0.0,0.0,151.0,0.0,0.0,0.0,0.0,0.0,0.0,0.0,/home/jblaise/scratch/gsr_raw_data/fastqs/its/gsr17_S129_L001_R1_001.fastq.gz,forward,vbt33,16s113,bt,Infected,NNet,NMax,vidalblanc,4.0,3.0,10/7/2022,6/26/2023,N705,S503,GP22_GSR,2.0,397.7,397.7,4.1,USA,Maryland,Queen Anne,Hemsley Fortune Lane,winery,Wick Dudley,38.997394,-76.134463
vbT31,11414.0,166.0,654.0,1005.0,622.0,418.0,1212.0,0.0,765.0,0.0,975.0,516.0,3202.0,0.0,0.0,0.0,203.0,0.0,0.0,0.0,116.0,0.0,0.0,0.0,564.0,0.0,909.0,0.0,0.0,0.0,0.0,112.0,0.0,0.0,0.0,0.0,53.0,187.0,0.0,113.0,309.0,0.0,0.0,0.0,181.0,0.0,0.0,0.0,0.0,0.0,0.0,0.0,0.0,0.0,0.0,0.0,0.0,0.0,0.0,0.0,0.0,0.0,68.0,0.0,77.0,0.0,0.0,0.0,0.0,0.0,0.0,0.0,156.0,106.0,0.0,0.0,0.0,0.0,0.0,0.0,0.0,340.0,288.0,0.0,0.0,0.0,0.0,0.0,/home/jblaise/scratch/gsr_raw_data/fastqs/its/vbT31_S32_L001_R1_001.fastq.gz,forward,vbT31,16s88,bT,healthy,NNet,MMax,vidalblanc,3.0,1.0,10/7/2022,6/26/2023,N720,S511,GP22_GSR,1.0,438.1,438.1,3.7,USA,Maryland,Queen Anne,Hemsley Fortune Lane,winery,Wick Dudley,38.997394,-76.134463
vBt33,16.0,0.0,551.0,445.0,0.0,1386.0,881.0,0.0,1055.0,0.0,368.0,13.0,6.0,0.0,0.0,382.0,488.0,0.0,0.0,0.0,0.0,315.0,262.0,0.0,130.0,0.0,602.0,0.0,0.0,0.0,0.0,98.0,0.0,0.0,0.0,0.0,0.0,0.0,0.0,0.0,0.0,0.0,0.0,0.0,0.0,0.0,0.0,0.0,0.0,0.0,0.0,0.0,0.0,0.0,0.0,189.0,0.0,0.0,0.0,0.0,148.0,0.0,0.0,0.0,111.0,0.0,0.0,0.0,0.0,0.0,0.0,0.0,155.0,0.0,0.0,0.0,0.0,0.0,0.0,0.0,0.0,0.0,120.0,0.0,0.0,0.0,0.0,0.0,/home/jblaise/scratch/gsr_raw_data/fastqs/its/vBt33_S72_L001_R1_001.fastq.gz,forward,vBt33,16s93,Bt,healthy,Net,NMax,vidalblanc,3.0,3.0,10/7/2022,6/26/2023,N726,S511,GP22_GSR,1.0,434.3,434.3,3.7,USA,Maryland,Queen Anne,Hemsley Fortune Lane,winery,Wick Dudley,38.997394,-76.134463
gsr11,706.0,53.0,100.0,107.0,84.0,29.0,273.0,4613.0,139.0,0.0,233.0,123.0,138.0,21.0,935.0,0.0,29.0,0.0,66.0,19.0,0.0,29.0,0.0,0.0,10.0,0.0,113.0,0.0,0.0,0.0,692.0,70.0,0.0,2107.0,32.0,0.0,0.0,0.0,0.0,0.0,37.0,0.0,0.0,0.0,0.0,2.0,0.0,0.0,0.0,0.0,0.0,0.0,0.0,0.0,0.0,12.0,36.0,0.0,0.0,38.0,0.0,0.0,0.0,0.0,0.0,0.0,0.0,78.0,0.0,0.0,0.0,0.0,0.0,0.0,0.0,0.0,0.0,0.0,0.0,0.0,0.0,0.0,0.0,0.0,0.0,0.0,0.0,0.0,/home/jblaise/scratch/gsr_raw_data/fastqs/its/gsr11_S111_L001_R1_001.fastq.gz,forward,vbT32,16s107,bT,Infected,NNet,MMax,vidalblanc,4.0,2.0,10/7/2022,6/26/2023,N714,S502,GP22_GSR,2.0,398.7,398.7,4.1,USA,Maryland,Queen Anne,Hemsley Fortune Lane,winery,Wick Dudley,38.997394,-76.134463
gsr06,19329.0,0.0,170.0,176.0,0.0,33.0,454.0,1779.0,353.0,0.0,1016.0,196.0,971.0,5253.0,3408.0,47.0,363.0,0.0,10617.0,0.0,0.0,0.0,0.0,0.0,121.0,0.0,0.0,0.0,699.0,2545.0,1036.0,160.0,0.0,0.0,97.0,198.0,0.0,38.0,212.0,29.0,45.0,13.0,169.0,0.0,0.0,169.0,0.0,45.0,0.0,0.0,0.0,0.0,0.0,0.0,0.0,93.0,45.0,0.0,0.0,0.0,0.0,0.0,49.0,0.0,0.0,0.0,2.0,12.0,9.0,0.0,0.0,0.0,0.0,0.0,0.0,0.0,89.0,146.0,0.0,0.0,85.0,130.0,0.0,63.0,0.0,0.0,0.0,0.0,/home/jblaise/scratch/gsr_raw_data/fastqs/its/gsr06_S131_L001_R1_001.fastq.gz,forward,mbt33,16s102,bt,Infected,NNet,NMax,merlot,4.0,3.0,9/27/2022,6/26/2023,N706,S502,GP22_GSR,2.0,283.3,283.3,5.7,USA,Maryland,Queen Anne,Hemsley Fortune Lane,winery,Wick Dudley,38.997394,-76.134463
gsr03,22.0,0.0,377.0,818.0,98.0,116.0,504.0,12.0,938.0,0.0,1251.0,364.0,5.0,14.0,5.0,0.0,168.0,0.0,0.0,0.0,0.0,74.0,0.0,0.0,485.0,0.0,240.0,0.0,2.0,0.0,8.0,238.0,0.0,0.0,2.0,0.0,0.0,0.0,0.0,0.0,0.0,0.0,0.0,0.0,0.0,0.0,0.0,0.0,0.0,0.0,0.0,0.0,0.0,0.0,0.0,0.0,2.0,0.0,0.0,0.0,0.0,0.0,23.0,0.0,0.0,0.0,0.0,0.0,0.0,0.0,0.0,103.0,0.0,0.0,0.0,0.0,0.0,0.0,0.0,0.0,113.0,0.0,0.0,0.0,89.0,0.0,0.0,0.0,/home/jblaise/scratch/gsr_raw_data/fastqs/its/gsr03_S122_L001_R1_001.fastq.gz,forward,mbT33,16s99,bT,Infected,NNet,MMax,merlot,4.0,3.0,9/27/2022,6/26/2023,N703,S502,GP22_GSR,2.0,403.3,403.3,4.0,USA,Maryland,Queen Anne,Hemsley Fortune Lane,winery,Wick Dudley,38.997394,-76.134463
cBT31,36.0,56.0,38.0,112.0,52.0,25.0,487.0,0.0,241.0,0.0,155.0,203.0,43.0,0.0,0.0,0.0,88.0,0.0,0.0,44.0,0.0,2.0,0.0,0.0,45.0,0.0,292.0,0.0,0.0,0.0,0.0,0.0,0.0,0.0,0.0,0.0,0.0,0.0,0.0,0.0,0.0,0.0,0.0,0.0,0.0,0.0,0.0,0.0,0.0,0.0,0.0,0.0,0.0,0.0,0.0,0.0,0.0,0.0,0.0,0.0,0.0,5.0,0.0,0.0,0.0,27.0,0.0,0.0,0.0,0.0,0.0,0.0,0.0,0.0,0.0,0.0,0.0,0.0,0.0,0.0,0.0,0.0,0.0,0.0,0.0,0.0,0.0,0.0,/home/jblaise/scratch/gsr_raw_data/fastqs/its/cBT31_S7_L001_R1_001.fastq.gz,forward,cBT31,16s73,BT,healthy,Net,MMax,carbfranc,3.0,1.0,9/27/2022,6/26/2023,N716,S510,GP22_GSR,1.0,454.1,454.1,3.6,USA,Maryland,Queen Anne,Hemsley Fortune Lane,winery,Wick Dudley,38.997394,-76.134463
gsr10,5579.0,0.0,78.0,26.0,168.0,116.0,488.0,18807.0,366.0,0.0,223.0,84.0,1272.0,2396.0,18693.0,0.0,53.0,0.0,1041.0,47.0,2.0,0.0,31.0,0.0,100.0,106.0,193.0,0.0,11934.0,378.0,15145.0,0.0,0.0,4248.0,0.0,1611.0,45.0,84.0,77.0,23.0,0.0,0.0,0.0,0.0,0.0,0.0,0.0,0.0,0.0,0.0,0.0,0.0,0.0,0.0,0.0,0.0,1444.0,0.0,111.0,0.0,0.0,0.0,0.0,0.0,0.0,0.0,0.0,191.0,112.0,0.0,6.0,0.0,0.0,0.0,0.0,0.0,0.0,0.0,0.0,39.0,0.0,0.0,0.0,0.0,0.0,93.0,0.0,0.0,/home/jblaise/scratch/gsr_raw_data/fastqs/its/gsr10_S108_L001_R1_001.fastq.gz,forward,vbT31,16s106,bT,Infected,NNet,MMax,vidalblanc,4.0,1.0,10/7/2022,6/26/2023,N712,S502,GP22_GSR,2.0,376.6,376.6,4.3,USA,Maryland,Queen Anne,Hemsley Fortune Lane,winery,Wick Dudley,38.997394,-76.134463
vbt33,21.0,0.0,0.0,0.0,0.0,0.0,2.0,0.0,0.0,0.0,0.0,0.0,7.0,0.0,0.0,0.0,2.0,0.0,0.0,0.0,0.0,0.0,0.0,0.0,0.0,0.0,0.0,0.0,0.0,0.0,0.0,0.0,0.0,0.0,0.0,0.0,0.0,0.0,0.0,0.0,0.0,0.0,0.0,0.0,0.0,0.0,0.0,0.0,0.0,0.0,0.0,0.0,0.0,0.0,0.0,0.0,0.0,0.0,0.0,0.0,0.0,0.0,0.0,0.0,0.0,0.0,0.0,0.0,0.0,0.0,0.0,0.0,0.0,0.0,0.0,0.0,0.0,0.0,0.0,0.0,0.0,0.0,0.0,0.0,0.0,0.0,0.0,0.0,/home/jblaise/scratch/gsr_raw_data/fastqs/its/vbt33_S96_L001_R1_001.fastq.gz,forward,vbt33,16s96,bt,healthy,NNet,NMax,vidalblanc,3.0,3.0,10/7/2022,6/26/2023,N729,S511,GP22_GSR,1.0,646.5,646.5,2.5,USA,Maryland,Queen Anne,Hemsley Fortune Lane,winery,Wick Dudley,38.997394,-76.134463
gsr14,204.0,75.0,1112.0,1203.0,1000.0,62.0,555.0,32.0,246.0,0.0,663.0,483.0,21.0,80.0,82.0,0.0,112.0,137.0,10.0,0.0,0.0,0.0,0.0,0.0,241.0,0.0,644.0,0.0,198.0,0.0,0.0,0.0,0.0,7.0,3.0,2.0,0.0,4.0,0.0,0.0,0.0,0.0,0.0,0.0,0.0,2.0,0.0,0.0,0.0,0.0,0.0,0.0,0.0,0.0,0.0,68.0,2.0,0.0,0.0,0.0,0.0,0.0,0.0,0.0,0.0,0.0,2.0,0.0,0.0,0.0,0.0,0.0,0.0,0.0,0.0,0.0,0.0,0.0,0.0,0.0,2.0,81.0,0.0,0.0,0.0,145.0,0.0,0.0,/home/jblaise/scratch/gsr_raw_data/fastqs/its/gsr14_S120_L001_R1_001.fastq.gz,forward,vBt33,16s110,Bt,Infected,Net,NMax,vidalblanc,4.0,3.0,10/7/2022,6/26/2023,N702,S503,GP22_GSR,2.0,400.2,400.2,4.0,USA,Maryland,Queen Anne,Hemsley Fortune Lane,winery,Wick Dudley,38.997394,-76.134463
vbt32,31.0,0.0,3.0,10.0,0.0,3.0,7.0,0.0,8.0,0.0,24.0,5.0,10.0,0.0,0.0,0.0,16.0,0.0,0.0,3.0,0.0,0.0,0.0,0.0,4.0,0.0,6.0,0.0,0.0,0.0,0.0,0.0,2.0,0.0,0.0,0.0,0.0,0.0,0.0,0.0,0.0,0.0,0.0,0.0,0.0,0.0,0.0,0.0,0.0,0.0,0.0,0.0,0.0,0.0,0.0,0.0,0.0,0.0,0.0,0.0,0.0,4.0,0.0,0.0,0.0,0.0,0.0,0.0,0.0,0.0,0.0,0.0,0.0,0.0,0.0,0.0,0.0,0.0,0.0,0.0,0.0,0.0,0.0,0.0,0.0,0.0,0.0,0.0,/home/jblaise/scratch/gsr_raw_data/fastqs/its/vbt32_S88_L001_R1_001.fastq.gz,forward,vbt32,16s95,bt,healthy,NNet,NMax,vidalblanc,3.0,2.0,10/7/2022,6/26/2023,N728,S511,GP22_GSR,1.0,457.8,457.8,3.5,USA,Maryland,Queen Anne,Hemsley Fortune Lane,winery,Wick Dudley,38.997394,-76.134463
gsr12,1758.0,0.0,7.0,286.0,408.0,243.0,514.0,2169.0,753.0,0.0,357.0,368.0,221.0,377.0,1977.0,0.0,121.0,0.0,1627.0,0.0,0.0,0.0,94.0,0.0,112.0,0.0,281.0,0.0,0.0,0.0,630.0,306.0,0.0,788.0,0.0,0.0,0.0,71.0,144.0,0.0,16.0,0.0,0.0,0.0,0.0,220.0,0.0,0.0,0.0,0.0,0.0,0.0,0.0,0.0,0.0,0.0,0.0,0.0,0.0,0.0,0.0,0.0,0.0,0.0,0.0,0.0,0.0,0.0,0.0,0.0,0.0,0.0,0.0,0.0,0.0,0.0,0.0,0.0,0.0,0.0,0.0,0.0,0.0,0.0,0.0,0.0,8.0,0.0,/home/jblaise/scratch/gsr_raw_data/fastqs/its/gsr12_S114_L001_R1_001.fastq.gz,forward,vbT33,16s108,bT,Infected,NNet,MMax,vidalblanc,4.0,3.0,10/7/2022,6/26/2023,N715,S502,GP22_GSR,2.0,411.8,411.8,3.9,USA,Maryland,Queen Anne,Hemsley Fortune Lane,winery,Wick Dudley,38.997394,-76.134463
vBt31,2.0,0.0,291.0,337.0,220.0,858.0,391.0,0.0,810.0,0.0,625.0,231.0,0.0,0.0,0.0,0.0,2.0,0.0,0.0,0.0,0.0,35.0,0.0,0.0,0.0,0.0,370.0,0.0,0.0,0.0,0.0,292.0,0.0,0.0,0.0,0.0,0.0,0.0,0.0,0.0,0.0,0.0,0.0,0.0,0.0,0.0,0.0,0.0,0.0,0.0,0.0,0.0,0.0,0.0,0.0,0.0,0.0,0.0,0.0,0.0,13.0,121.0,0.0,5.0,0.0,0.0,0.0,0.0,0.0,0.0,0.0,0.0,0.0,0.0,0.0,0.0,0.0,0.0,0.0,0.0,0.0,0.0,0.0,0.0,0.0,0.0,0.0,0.0,/home/jblaise/scratch/gsr_raw_data/fastqs/its/vBt31_S56_L001_R1_001.fastq.gz,forward,vBt31,16s91,Bt,healthy,Net,NMax,vidalblanc,3.0,1.0,10/7/2022,6/26/2023,N723,S511,GP22_GSR,1.0,425.1,425.1,3.8,USA,Maryland,Queen Anne,Hemsley Fortune Lane,winery,Wick Dudley,38.997394,-76.134463
gsr13,4377.0,0.0,511.0,549.0,54.0,50.0,250.0,5.0,446.0,0.0,385.0,336.0,580.0,89.0,7.0,0.0,353.0,0.0,0.0,182.0,0.0,43.0,94.0,0.0,0.0,0.0,382.0,0.0,9.0,0.0,2661.0,37.0,0.0,0.0,0.0,0.0,0.0,54.0,0.0,84.0,513.0,0.0,0.0,55.0,0.0,0.0,0.0,0.0,0.0,0.0,0.0,0.0,0.0,0.0,0.0,0.0,0.0,0.0,0.0,34.0,0.0,83.0,0.0,0.0,145.0,0.0,0.0,28.0,2.0,0.0,0.0,0.0,0.0,0.0,0.0,0.0,0.0,0.0,0.0,0.0,0.0,69.0,0.0,0.0,0.0,0.0,0.0,0.0,/home/jblaise/scratch/gsr_raw_data/fastqs/its/gsr13_S117_L001_R1_001.fastq.gz,forward,vBt31,16s109,Bt,Infected,Net,NMax,vidalblanc,4.0,1.0,10/7/2022,6/26/2023,N701,S503,GP22_GSR,2.0,405.9,405.9,4.0,USA,Maryland,Queen Anne,Hemsley Fortune Lane,winery,Wick Dudley,38.997394,-76.134463
vbT32,22.0,25.0,75.0,178.0,167.0,59.0,105.0,0.0,100.0,0.0,235.0,185.0,4.0,0.0,0.0,0.0,20.0,0.0,0.0,0.0,0.0,0.0,0.0,0.0,9.0,22.0,24.0,0.0,0.0,0.0,0.0,16.0,0.0,0.0,0.0,0.0,0.0,0.0,0.0,0.0,0.0,0.0,0.0,0.0,0.0,0.0,0.0,0.0,0.0,0.0,0.0,0.0,0.0,16.0,0.0,0.0,0.0,0.0,0.0,10.0,0.0,29.0,0.0,0.0,10.0,0.0,0.0,0.0,0.0,0.0,0.0,0.0,3.0,0.0,0.0,0.0,0.0,0.0,0.0,0.0,0.0,2.0,0.0,0.0,0.0,0.0,0.0,0.0,/home/jblaise/scratch/gsr_raw_data/fastqs/its/vbT32_S40_L001_R1_001.fastq.gz,forward,vbT32,16s89,bT,healthy,NNet,MMax,vidalblanc,3.0,2.0,10/7/2022,6/26/2023,N721,S511,GP22_GSR,1.0,422.9,422.9,3.8,USA,Maryland,Queen Anne,Hemsley Fortune Lane,winery,Wick Dudley,38.997394,-76.134463
ctrl,19.0,0.0,2.0,2.0,0.0,0.0,4.0,8.0,0.0,0.0,3.0,0.0,5.0,11.0,3.0,0.0,0.0,0.0,4.0,0.0,0.0,0.0,0.0,0.0,0.0,0.0,2.0,0.0,0.0,0.0,12.0,0.0,0.0,2.0,0.0,0.0,0.0,0.0,0.0,0.0,0.0,0.0,0.0,0.0,0.0,0.0,0.0,0.0,0.0,0.0,0.0,0.0,0.0,0.0,0.0,0.0,0.0,0.0,0.0,0.0,0.0,0.0,0.0,0.0,0.0,0.0,0.0,0.0,0.0,0.0,0.0,0.0,0.0,0.0,0.0,0.0,0.0,0.0,0.0,0.0,0.0,0.0,0.0,0.0,0.0,0.0,0.0,0.0,/home/jblaise/scratch/gsr_raw_data/fastqs/its/ctrl_S132_L001_R1_001.fastq.gz,forward,ctrl,16s114,tr,control,control,control,control,4.0,1.0,6/13/2023,6/26/2023,N701,S502,GP22_GSR,2.0,383.9,383.9,4.2,USA,Maryland,Queen Anne,Hemsley Fortune Lane,winery,Wick Dudley,38.997394,-76.134463
gsr15,1198.0,44.0,308.0,59.0,289.0,43.0,154.0,8.0,446.0,0.0,388.0,162.0,153.0,99.0,10.0,0.0,143.0,0.0,0.0,0.0,0.0,0.0,0.0,0.0,53.0,0.0,539.0,0.0,0.0,0.0,168.0,0.0,0.0,0.0,0.0,0.0,0.0,0.0,0.0,0.0,0.0,0.0,0.0,0.0,0.0,0.0,0.0,0.0,0.0,0.0,0.0,0.0,0.0,0.0,0.0,0.0,139.0,0.0,0.0,0.0,105.0,0.0,46.0,0.0,0.0,0.0,0.0,59.0,0.0,0.0,0.0,0.0,0.0,0.0,0.0,0.0,0.0,0.0,0.0,0.0,0.0,0.0,0.0,0.0,0.0,0.0,11.0,0.0,/home/jblaise/scratch/gsr_raw_data/fastqs/its/gsr15_S123_L001_R1_001.fastq.gz,forward,vbt31,16s111,bt,Infected,NNet,NMax,vidalblanc,4.0,1.0,10/7/2022,6/26/2023,N703,S503,GP22_GSR,2.0,383.4,383.4,4.2,USA,Maryland,Queen Anne,Hemsley Fortune Lane,winery,Wick Dudley,38.997394,-76.134463
mbt31,2.0,0.0,374.0,446.0,396.0,114.0,1106.0,0.0,680.0,0.0,958.0,717.0,207.0,0.0,0.0,0.0,107.0,0.0,0.0,0.0,0.0,80.0,238.0,0.0,167.0,0.0,860.0,0.0,0.0,0.0,0.0,81.0,0.0,0.0,0.0,0.0,0.0,0.0,0.0,0.0,0.0,0.0,0.0,0.0,0.0,0.0,0.0,0.0,0.0,0.0,0.0,0.0,0.0,0.0,0.0,0.0,0.0,0.0,0.0,153.0,0.0,116.0,38.0,19.0,0.0,0.0,0.0,0.0,0.0,0.0,0.0,81.0,0.0,0.0,0.0,0.0,0.0,0.0,0.0,0.0,0.0,0.0,0.0,0.0,77.0,265.0,0.0,0.0,/home/jblaise/scratch/gsr_raw_data/fastqs/its/mbt31_S78_L001_R1_001.fastq.gz,forward,mbt31,16s70,bt,healthy,NNet,NMax,merlot,3.0,1.0,9/27/2022,6/26/2023,N727,S508,GP22_GSR,1.0,423.0,423.0,3.8,USA,Maryland,Queen Anne,Hemsley Fortune Lane,winery,Wick Dudley,38.997394,-76.134463
gsr05,18.0,164.0,945.0,766.0,429.0,0.0,994.0,15.0,301.0,0.0,783.0,905.0,4.0,6.0,17.0,169.0,156.0,0.0,4.0,365.0,0.0,51.0,0.0,34.0,354.0,149.0,1193.0,0.0,2.0,2.0,3.0,447.0,0.0,2.0,0.0,0.0,0.0,0.0,0.0,0.0,0.0,0.0,0.0,0.0,0.0,0.0,0.0,0.0,0.0,0.0,0.0,0.0,0.0,0.0,0.0,0.0,2.0,0.0,0.0,786.0,0.0,49.0,0.0,35.0,0.0,0.0,0.0,0.0,0.0,0.0,0.0,0.0,0.0,0.0,0.0,0.0,0.0,0.0,300.0,0.0,0.0,0.0,0.0,0.0,0.0,0.0,0.0,0.0,/home/jblaise/scratch/gsr_raw_data/fastqs/its/gsr05_S128_L001_R1_001.fastq.gz,forward,mbt32,16s101,bt,Infected,NNet,NMax,merlot,4.0,2.0,9/27/2022,6/26/2023,N705,S502,GP22_GSR,2.0,412.2,412.2,3.9,USA,Maryland,Queen Anne,Hemsley Fortune Lane,winery,Wick Dudley,38.997394,-76.134463
gsr02,38662.0,75.0,257.0,149.0,86.0,127.0,232.0,13598.0,374.0,0.0,383.0,139.0,11519.0,91769.0,51119.0,0.0,42.0,0.0,3143.0,155.0,0.0,57.0,0.0,0.0,17.0,0.0,224.0,0.0,2994.0,1824.0,1877.0,78.0,0.0,11957.0,2701.0,1328.0,45.0,296.0,907.0,396.0,220.0,53.0,45.0,0.0,30.0,992.0,536.0,194.0,66.0,19.0,22.0,47.0,0.0,0.0,104.0,48.0,133.0,0.0,0.0,99.0,0.0,0.0,0.0,2.0,0.0,0.0,4.0,643.0,11.0,27.0,27.0,0.0,0.0,0.0,0.0,0.0,0.0,0.0,0.0,58.0,0.0,33.0,0.0,20.0,0.0,0.0,0.0,40.0,/home/jblaise/scratch/gsr_raw_data/fastqs/its/gsr02_S119_L001_R1_001.fastq.gz,forward,mbT32,16s98,bT,Infected,NNet,MMax,merlot,4.0,2.0,9/27/2022,6/26/2023,N702,S502,GP22_GSR,2.0,419.6,419.6,3.8,USA,Maryland,Queen Anne,Hemsley Fortune Lane,winery,Wick Dudley,38.997394,-76.134463
mbt32,29445.0,274.0,755.0,1139.0,77.0,0.0,1098.0,0.0,1532.0,0.0,1589.0,786.0,6746.0,0.0,0.0,0.0,33.0,102.0,0.0,0.0,0.0,189.0,148.0,0.0,578.0,0.0,751.0,0.0,0.0,0.0,3.0,44.0,0.0,0.0,0.0,0.0,0.0,697.0,159.0,124.0,410.0,34.0,0.0,0.0,0.0,0.0,0.0,0.0,0.0,0.0,0.0,0.0,0.0,0.0,0.0,96.0,0.0,0.0,0.0,0.0,0.0,0.0,0.0,0.0,0.0,0.0,0.0,0.0,0.0,0.0,0.0,0.0,239.0,0.0,0.0,201.0,0.0,0.0,0.0,319.0,151.0,0.0,0.0,0.0,0.0,0.0,0.0,0.0,/home/jblaise/scratch/gsr_raw_data/fastqs/its/mbt32_S86_L001_R1_001.fastq.gz,forward,mbt32,16s71,bt,healthy,NNet,NMax,merlot,3.0,2.0,9/27/2022,6/26/2023,N728,S508,GP22_GSR,1.0,473.8,473.8,3.4,USA,Maryland,Queen Anne,Hemsley Fortune Lane,winery,Wick Dudley,38.997394,-76.134463
cbt33,513.0,0.0,57.0,11.0,10.0,12.0,60.0,0.0,35.0,0.0,36.0,26.0,296.0,0.0,0.0,0.0,0.0,0.0,0.0,0.0,1.0,4.0,0.0,0.0,22.0,0.0,23.0,0.0,0.0,0.0,0.0,0.0,0.0,0.0,0.0,0.0,28.0,13.0,18.0,5.0,68.0,0.0,0.0,16.0,0.0,0.0,11.0,0.0,0.0,0.0,0.0,0.0,2.0,0.0,0.0,0.0,0.0,8.0,0.0,0.0,0.0,9.0,0.0,0.0,0.0,0.0,0.0,0.0,0.0,0.0,0.0,0.0,27.0,0.0,5.0,3.0,0.0,0.0,0.0,18.0,0.0,0.0,0.0,0.0,0.0,6.0,0.0,7.0,/home/jblaise/scratch/gsr_raw_data/fastqs/its/cbt33_S95_L001_R1_001.fastq.gz,forward,cbt33,16s84,bt,healthy,NNet,NMax,carbfranc,3.0,3.0,9/27/2022,6/26/2023,N729,S510,GP22_GSR,1.0,440.5,440.5,3.7,USA,Maryland,Queen Anne,Hemsley Fortune Lane,winery,Wick Dudley,38.997394,-76.134463
